Name,Type of Agency,Tagline,Ratings,Reviews,Sponsor,MinProjectSize,HourlyRate,TeamSize,Location,ServiceNames,ServicePercentages,Feedback,WebsiteLink,ClutchDirectoryLink
AtticSalt Branding,Logo Designers,Brand Mastery,5.0,25 REVIEWS,Yes,"$25,000+",$150 - $199 / hr,2 - 9,"Scottsdale, AZ","Logo,Branding,Graphic Design","15,70,15",“I truly can’t say enough good things about how great our experience was with AtticSalt Branding.”,http://atticsalt.co/?utm_source=clutch.co&utm_medium=referral,https://clutch.co/profile/atticsalt-branding
Burst Digital,Logo Designers,We create & grow show-stopping brands worldwide.,4.9,9 REVIEWS,Yes,"$5,000+",$50 - $99 / hr,2 - 9,"London, United Kingdom","Logo,Branding,Web Design,Graphic Design,Search Engine Optimization,Social Media Marketing,UX/UI Design,Web Development","10,20,20,10,10,10,10,10",“We’re most impressed with Burst Digital’s flexibility and willingness to go the extra mile to cater to our needs.,https://burstdgtl.com/?utm_source=clutch.co&utm_medium=referral&utm_campaign=profile,https://clutch.co/profile/burst-digital-1
VerveBranding by VerveLogic LLC,Logo Designers,One-Stop for solution for all your branding needs,4.9,9 REVIEWS,Yes,"$1,000+",< $25 / hr,50 - 249,"Jaipur, India","Logo,Branding,Packaging Design","60,20,20","""Vervelogic is one of the world's top graphic and logo design companies.""",https://www.vervebranding.com/?utm_source=clutch&utm_medium=spon&utm_campaign=clutch23&utm_id=clutch23,https://clutch.co/profile/vervebranding-vervelogic
Marchio,Logo Designers,We help willing brands make a lasting mark.,5.0,6 REVIEWS,Yes,"$25,000+",$200 - $300 / hr,2 - 9,"Los Angeles, CA","Logo,Branding","50,50",“They were absolutely brilliant.”,https://hellomarchio.com/?utm_source=clutch.co&utm_medium=referral&utm_campaign=agencies-logo-designers,https://clutch.co/profile/marchio
Varga Girl Design,Logo Designers,Pretty. Powerful.,5.0,23 REVIEWS,Yes,"$5,000+",$150 - $199 / hr,2 - 9,"Toronto, Canada","Logo,Branding,Print Design,Graphic Design","30,30,25,15",“Rachel delivers on-brand custom designs and website projects that stand out in a sea of sameness.,https://vargagirldesign.com/?utm_source=clutch.co&utm_medium=referral&utm_campaign=agencies-logo-designers,https://clutch.co/profile/varga-girl-design
"OrangeYouGlad, LLC",Logo Designers,Brooklyn's freshest little creative agency,5.0,12 REVIEWS,Yes,"$25,000+",$150 - $199 / hr,2 - 9,"Brooklyn, NY","Logo,UX/UI Design,Branding","25,50,25","""They became valuable thought partners, offering valuable insights and expertise to enhance our project.""",https://orangeyouglad.com/?utm_source=clutch.co&utm_medium=referral&utm_campaign=agencies-logo-designers,https://clutch.co/profile/orangeyouglad
Rayvn Design,Logo Designers,Superior Branding & Design,4.9,9 REVIEWS,Yes,"$10,000+",$100 - $149 / hr,2 - 9,"Mississauga, Canada","Logo,Branding,Graphic Design,Social Media Marketing,Web Design","10,60,10,10,10","""They were immediately excited at the opportunity to rebrand and design.""",http://rayvn.io/?utm_source=clutch.co&utm_medium=referral&utm_campaign=directory,https://clutch.co/profile/rayvn-design
Logo Poppin,Logo Designers,"Create, Excite, Engage, and Grow - We Show you how",5.0,18 REVIEWS,Yes,"$1,000+",$25 - $49 / hr,50 - 249,"Alpharetta, GA","Logo,Custom Software Development,E-Commerce Development,Web Design,Web Development","15,25,20,20,20","""I was very impressed with the outstanding customer service and the knowledge of the team.""",https://logopoppin.com/?utm_source=clutch.co&utm_medium=referral&utm_campaign=agencies-logo-designers,https://clutch.co/profile/logo-poppin
ElephantMark LLC,Logo Designers,We Build Brands from the Ground up,4.9,17 REVIEWS,Yes,"$10,000+",$150 - $199 / hr,2 - 9,"Lakewood Ranch, FL","Logo,Branding,Web Design,Marketing Strategy,UX/UI Design","25,40,15,10,10","""The end result was something I am very proud to present to my clients.""",https://www.elephantmark.com/?utm_source=clutch.co&utm_medium=referral&utm_campaign=agencies-logo-designers,https://clutch.co/profile/elephantmark
Propaganda Creative,Logo Designers,We build compelling brands that connect.,4.9,5 REVIEWS,Yes,"$10,000+",$100 - $149 / hr,10 - 49,"Spokane, WA","Logo,Branding,Graphic Design,Social Media Marketing","20,40,20,20","""They take an idea from what we said and turn it into something that's cool and ready to be shared with the public.""",https://propagandacreative.com/?utm_source=clutch.co&utm_medium=referral&utm_campaign=agencies-logo-designers,https://clutch.co/profile/propaganda-creative
Ragsdale Design Group (RDG),Logo Designers,Award winning digital content + media production,5.0,5 REVIEWS,Yes,"$10,000+",$100 - $149 / hr,2 - 9,"Atlanta, GA","Logo,Advertising,Branding,Web Design,Web Development,UX/UI Design","10,25,20,20,15,10","""Ragsdale Design Group (RDG) was fantastic to work with.""",https://rdgatl.com/?utm_source=clutch.co&utm_medium=referral&utm_campaign=agencies-logo-designers,https://clutch.co/profile/ragsdale-design-group-rdg
Studio 22 Design,Logo Designers,We create digital experiences that ignite growth.,5.0,15 REVIEWS,Yes,"$10,000+",$150 - $199 / hr,2 - 9,"San Jose, CA","Logo,Web Design,Graphic Design,Branding,Marketing Strategy,Print Design","15,40,20,10,10,5",“The quality of Studio 22’s work is excellent.”,https://www.studio22.com/?utm_source=clutch.co&utm_medium=referral&utm_campaign=directory,https://clutch.co/profile/studio-22-design
EL FUEGO BRAND STUDIO,Logo Designers,Let's light up your brand,4.8,12 REVIEWS,Yes,"$5,000+",$100 - $149 / hr,2 - 9,"Mérida, Mexico","Logo,Branding,Advertising,Graphic Design","20,40,20,20","""They have both a strategic and aesthetic approach to branding, which is not easy to find.""",https://elfuego.mx/?utm_source=clutch.co&utm_medium=referral&utm_campaign=agencies-logo-designers,https://clutch.co/profile/el-fuego-brand-studio
SOLV.,Logo Designers,Digital Marketing & Design Agency,5.0,48 REVIEWS,Yes,"$5,000+",$50 - $99 / hr,10 - 49,"Kyiv, Ukraine","Logo,Branding,Pay Per Click,Social Media Marketing,Ecommerce Marketing,Graphic Design","15,30,20,15,10,10","""Overall, we found Solv to be a true partner in our project's success.""",https://solv.team//?utm_source=clutch.co&utm_medium=referral&utm_campaign=agencies-logo-designers,https://clutch.co/profile/solv
SeekThem™,Logo Designers,Award-Winning Design & Branding Firm on Clutch!,5.0,37 REVIEWS,No,"$10,000+",$150 - $199 / hr,10 - 49,"London, United Kingdom","Logo,Web Design,Graphic Design","40,40,20","""They promptly addressed any queries or adjustments we had and ensured that the website was launched on time.""",https://seekthem.com/?utm_source=clutch.co&utm_medium=referral&utm_campaign=agencies-logo-designers,https://clutch.co/profile/seekthem
Catchword,Logo Designers,#1 NAMING & BRANDING FIRM on CLUTCH,5.0,92 REVIEWS,No,"$25,000+",$300+ / hr,10 - 49,"Oakland, CA","Logo,Branding","15,85","""They're able to make the naming process both, a creative and educational exercise all at once.""",https://catchwordbranding.com/?utm_source=clutch.co&utm_medium=referral&utm_campaign=directory,https://clutch.co/profile/catchword
MBLM,Logo Designers,The Brand Intimacy Agency,5.0,10 REVIEWS,No,"$10,000+",$100 - $149 / hr,50 - 249,"New York, NY","Logo,Branding,Web Design,Graphic Design","15,60,15,10","""MBLM consistently met their promises and delivered above and beyond expectations.""",http://mblm.com/?utm_source=clutch.co&utm_medium=referral&utm_campaign=directory,https://clutch.co/profile/mblm
Outcrowd,Logo Designers,Web design & branding to increase startups' value,4.9,59 REVIEWS,No,"$5,000+",$50 - $99 / hr,10 - 49,"Lewes, DE","Logo,Web Design,UX/UI Design,Branding","15,60,15,10","""The talents and the skill set of the team were simply impressive.""",https://www.outcrowd.io/branding-page?utm_source=clutch.co&utm_medium=referral&utm_campaign=agencies-logo-designers,https://clutch.co/profile/outcrowd
Contrast & Co.,Logo Designers,Award-Winning Brand Strategy & Web Design Agency,5.0,27 REVIEWS,No,"$10,000+",$150 - $199 / hr,10 - 49,"Annapolis, MD","Logo,Branding,UX/UI Design,Content Marketing,Graphic Design,Out of Home Design","10,40,20,10,10,10","""We are super pleased with our choice and Contrast & Co's excellent work!""",http://www.contrastandco.com/?utm_source=clutch.co&utm_medium=referral&utm_campaign=directory,https://clutch.co/profile/contrast-co
Hueman Studio,Logo Designers,"People first, design second.",5.0,7 REVIEWS,No,"$1,000+",$100 - $149 / hr,2 - 9,"Rancho Cucamonga, CA","Logo,Web Design,Video Production,Branding,Graphic Design","30,30,20,10,10","""Their unique sense of modern ideals and how to mirror and improve the workspace climate are impressive.""",https://www.huemanstudio.com/,https://clutch.co/profile/hueman-studio
Marin Design Agency,Logo Designers,Custom Logo Design,5.0,25 REVIEWS,No,"$5,000+",$100 - $149 / hr,2 - 9,"Tampa, FL",Logo,100,"""Marin Design Agency has a well-designed process to carry their customer from ideation to an end product.""",https://michellemarin.com/?utm_source=clutch.co&utm_medium=referral&utm_campaign=agencies-logo-designers,https://clutch.co/profile/marin-design-agency
Wax Creek,Logo Designers,in a sky full of stars... be the moon,4.9,22 REVIEWS,No,"$25,000+",$150 - $199 / hr,2 - 9,"Greenwood Village, CO","Logo,Branding,Web Design,Graphic Design","20,50,20,10",“They’re also great at driving things forward and are incredibly helpful and responsive.”,https://waxcreek.com/?utm_source=clutch.co&utm_medium=referral&utm_campaign=directory,https://clutch.co/profile/wax-creek
Spire Agency,Logo Designers,Elevating B2B Brands,4.9,15 REVIEWS,No,"$25,000+",$150 - $199 / hr,10 - 49,"Addison, TX","Logo,Branding,Marketing Strategy,Advertising","10,65,15,10","""Spire Agency definitely helped us step up our game.""",http://www.spireagency.com/?utm_source=clutch.co&utm_medium=referral&utm_campaign=directory,https://clutch.co/profile/spire-agency
Bradbury Brand + Design Experts,Logo Designers,Building Brands People Believe In,4.9,7 REVIEWS,No,"$5,000+",$100 - $149 / hr,2 - 9,"Toronto, Canada","Logo,Branding,Graphic Design,Packaging Design","20,40,20,20","""Their work was exceptional, their staff were experts, and they were really, really easy to work with.""",https://www.bradburybrandexperts.com/?utm_source=clutch.co&utm_medium=referral&utm_campaign=directory,https://clutch.co/profile/bradbury-brand-design-experts
Jacob Tyler,Logo Designers,We are a global integrated brand experience agency,4.9,59 REVIEWS,No,"$5,000+",$150 - $199 / hr,10 - 49,"Del Mar, CA","Logo,Advertising,Branding,Web Design,Digital Strategy,Email Marketing,Search Engine Optimization","10,20,20,20,10,10,10","“Jacob Tyler has been flexible around our needs. Whatever we ask them for, they’re very willing to help us get it done.”",http://www.jacobtyler.com/?utm_source=clutch&utm_medium=referral,https://clutch.co/profile/jacob-tyler
Moloko Creative Inc,Logo Designers,"Moloko, Creative agency",4.9,42 REVIEWS,No,"$5,000+",$25 - $49 / hr,10 - 49,"St. Petersburg, FL","Logo,Branding,Graphic Design,Advertising,Packaging Design","20,40,20,10,10","""The team is ready to defend their product and explain why it will work.""",http://mlk.global/?utm_source=clutch.co&utm_medium=referral&utm_campaign=directory,https://clutch.co/profile/moloko-creative
Venthio,Logo Designers,Brand Marketing: Insight - intelligence - design.,5.0,24 REVIEWS,No,"$25,000+",$200 - $300 / hr,2 - 9,"Laguna Beach, CA","Logo,Branding,Graphic Design,Web Design","20,45,20,15",“Venthio understood our industry trends and built an impactful brand that set us apart from competitors.”,https://www.venthio.com/?utm_source=clutch&utm_medium=referral,https://clutch.co/profile/venthio
Theory SF,Logo Designers,We craft brands that create desire,4.9,24 REVIEWS,No,"$25,000+",$150 - $199 / hr,2 - 9,"San Francisco, CA","Logo,Advertising,Branding,Digital Strategy,Broadcast Video,Market Research,Marketing Strategy,Social Media Marketing","10,35,25,10,5,5,5,5","""They are amazing communicators.""",http://www.theorysf.com/?utm_source=clutch.co&utm_medium=referral,https://clutch.co/profile/theory-sf
GreyBox Creative,Logo Designers,Branding that Sells,4.9,44 REVIEWS,No,"$10,000+",$150 - $199 / hr,2 - 9,"New York, NY","Logo,Branding,Advertising,Graphic Design,Web Development","10,60,10,10,10","""They were a highly responsive and experienced team.""",https://www.greyboxcreative.com/logo-design/?utm_source=clutch.co&utm_medium=referral&utm_campaign=agencies-logo-designers,https://clutch.co/profile/greybox-creative
NEVERBLAND,Logo Designers,Digital Product Studio,4.7,11 REVIEWS,No,"$50,000+",$100 - $149 / hr,10 - 49,"London, United Kingdom","Logo,Custom Software Development,UX/UI Design,Web Design,Web Development,Branding","10,20,20,20,20,10",“Their interpretation of our needs and the design are exceptional.”,https://neverbland.com/?utm_source=clutch.co&utm_medium=referral&utm_campaign=directory,https://clutch.co/profile/neverbland
Fellow Studio,Logo Designers,Making your brand of today an icon of tomorrow,5.0,10 REVIEWS,No,"$10,000+",$50 - $99 / hr,2 - 9,"London, United Kingdom","Logo,Branding,Graphic Design,Packaging Design,Print Design,UX/UI Design,Web Design","10,35,15,10,10,10,10","""They delivered excellent quality work.""",https://fellowstudio.com/contact/?utm_source=clutch.co&utm_medium=referral&utm_campaign=directory,https://clutch.co/profile/fellow-studio
DBC,Logo Designers,Brand Design and Consulting for Growth Companies,5.0,20 REVIEWS,No,"$10,000+",Undisclosed,2 - 9,"New York, NY","Logo,Branding,Graphic Design","15,55,30","""CEO was very pleased - which is a tough bar to meet!""",http://studiodbc.com/?utm_source=clutch.co&utm_medium=referral&utm_campaign=directory,https://clutch.co/profile/dbc
Bolder & Co. Creative Studios,Logo Designers,UNRIVALED in the ability to scale business.,4.9,6 REVIEWS,No,"$25,000+",$200 - $300 / hr,10 - 49,"Urbana, OH","Logo,Branding,Advertising,Graphic Design,Web Design,Direct Marketing,Social Media Marketing","15,20,15,15,15,10,10","""I'm delighted with the work they've been doing for us — they're more than I can ask for.''""",https://boldercreative.com/,https://clutch.co/profile/bolder-co-creative-studios
Barretto-Co.,Logo Designers,Design for good.,4.9,5 REVIEWS,No,"$25,000+",$150 - $199 / hr,2 - 9,"Oakland, CA","Logo,Branding,Graphic Design,Web Design","10,70,10,10",“They always go the extra mile to come up with amazing ideas for us.”,http://www.barretto-co.com/?utm_source=clutch.co&utm_medium=referral&utm_campaign=directory,https://clutch.co/profile/barretto-co
SimplePlan Media,Logo Designers,Stellar. Sleek. Simple.,5.0,15 REVIEWS,No,"$5,000+",$25 - $49 / hr,10 - 49,"New Delhi, India","Logo,Branding,E-Commerce Development,Graphic Design,UX/UI Design,Web Development","15,25,15,15,15,15",“We’ve been able to trust them with all our marketing operations.”,https://www.simpleplanmedia.com/?utm_source=clutch.co&utm_medium=referral&utm_campaign=directory,https://clutch.co/profile/simpleplan-media
MAGNETIC Creative,Logo Designers,Crafting & Scaling Brands Worldwide,5.0,13 REVIEWS,No,"$10,000+",$150 - $199 / hr,50 - 249,"Temecula, CA","Logo,Branding,Web Design,E-Commerce Development,Digital Strategy,Market Research,Video Production","10,25,20,15,10,10,10","""They followed a clear path from the objectives to the finished project.""",https://www.magneticcreative.com/?utm_source=Clutch.co&utm_medium=Profile%20clicks&utm_campaign=Clutch,https://clutch.co/profile/magnetic-creative
Brandwell,Logo Designers,If you're going to do it...do it well.,4.9,16 REVIEWS,No,"$10,000+",$150 - $199 / hr,2 - 9,"Collingwood, Australia","Logo,Branding,Packaging Design,Web Design","20,50,20,10","""Brandwell felt like an extension of our internal team.""",https://brandwellagency.com.au/?utm_source=clutch.co&utm_medium=referral&utm_campaign=directory,https://clutch.co/profile/brandwell
DATE OF BIRTH,Logo Designers,Branding | Design | Strategy,4.9,5 REVIEWS,No,"$25,000+",$150 - $199 / hr,10 - 49,"South Melbourne, Australia","Logo,Branding,Packaging Design","25,50,25","""They are strategically and creatively talented.""",https://dateofbirth.com.au/?utm_source=clutch.co&utm_medium=referral&utm_campaign=directory,https://clutch.co/profile/date-birth-0
CUT THRU,Logo Designers,Design & messaging that improves conversion rates,5.0,36 REVIEWS,No,"$1,000+",$50 - $99 / hr,2 - 9,"Sydney, Australia","Logo,Branding,Content Marketing,Digital Strategy,Ecommerce Marketing,Graphic Design,Marketing Strategy,Pay Per Click,Video Production,Web Design","10,10,10,10,10,10,10,10,10,10","""They were highly responsive to our needs and concerns, addressing any issues promptly and proactively.""",http://www.cutthru.agency/,https://clutch.co/profile/cut-thru
More Local Clients LLC,Logo Designers,We're in the biz of getting you more local biz!,5.0,10 REVIEWS,No,"$5,000+",$100 - $149 / hr,10 - 49,"Lincolnshire, IL","Logo,Search Engine Optimization,Web Development,Branding,Marketing Strategy,Pay Per Click","10,35,20,15,10,10","""They had a high-quality approach to their work, attentiveness, and competence.""",https://www.morelocalclients.com/?utm_source=clutch.co&utm_medium=referral&utm_campaign=directory,https://clutch.co/profile/more-local-clients
Composite,Logo Designers,Brand + Web growth partner for startups,4.9,8 REVIEWS,No,"$10,000+",$100 - $149 / hr,2 - 9,"Brooklyn, NY","Logo,UX/UI Design,Web Development,Web Design,Digital Strategy","25,25,25,15,10",""" are impressed with the overall professionalism and quality.""",https://www.composite.global/?utm_source=clutch.co&utm_medium=referral&utm_campaign=directory,https://clutch.co/profile/composite
zö agency,Logo Designers,A full service digital tribe and creative agency!,4.9,15 REVIEWS,No,"$1,000+",Undisclosed,10 - 49,"Bend, OR","Logo,Branding,Web Design,Advertising,Digital Strategy,Marketing Strategy,Print Design,Search Engine Optimization","10,20,20,10,10,10,10,10","""They have solid project management.""",https://zo.agency/?utm_source=clutch.co&utm_medium=referral&utm_campaign=directory,https://clutch.co/profile/z-agency
Pen & Mug,Logo Designers,Caffeine-fueled graphic/web design studio,5.0,22 REVIEWS,No,"$10,000+",$150 - $199 / hr,2 - 9,"Nashville, TN","Logo,Branding,Web Design,Graphic Design,Web Development,UX/UI Design","10,25,25,15,15,10","""No matter where my career takes me, Pen & Mug will come along.""",https://penandmug.com/?utm_source=clutch.co&utm_medium=referral&utm_campaign=directory,https://clutch.co/profile/pen-mug
Crème de Mint,Logo Designers,Brands People Crave,5.0,9 REVIEWS,No,"$5,000+",$100 - $149 / hr,2 - 9,"Miami Beach, FL","Logo,Packaging Design,Email Marketing,Web Design,Social Media Marketing","20,50,15,10,5",“They were great at listening to what I wanted and making it a reality.”,https://cremedemint.com/?utm_source=clutch.co&utm_medium=referral&utm_campaign=directory,https://clutch.co/profile/cr-me-de-mint
Studio Carbon,Logo Designers,Realising better futures through design,5.0,4 REVIEWS,No,"$10,000+",$50 - $99 / hr,10 - 49,"Amsterdam, Netherlands","Logo,Product Design,Branding,UX/UI Design,Graphic Design","10,30,25,25,10","""Their design philosophy is truly one of a kind.""",https://www.studiocarbon.in/?utm_source=clutch.co&utm_medium=referral&utm_campaign=directory,https://clutch.co/profile/studio-carbon
Lazy snail Design,Logo Designers,We are a Nordic agency with a Mediterranean family,5.0,4 REVIEWS,No,"$5,000+",$150 - $199 / hr,2 - 9,"København, Denmark","Logo,Branding,Packaging Design","20,40,40","""They created a unique visual identity that appeals to our customers and brands.""",https://lazysnail.design/?utm_source=clutch.co&utm_medium=referral&utm_campaign=directory,https://clutch.co/profile/lazy-snail-design
Elk Creative,Logo Designers,A transformative Branding and Web Design agency,5.0,3 REVIEWS,No,"$5,000+",$100 - $149 / hr,2 - 9,"Melbourne, Australia","Logo,Branding,Web Development,Web Design","20,40,30,10","""They genuinely listen to us, which produces the results we ask for.""",http://www.elkcreative.com.au/?utm_source=clutch.co&utm_medium=referral&utm_campaign=directory,https://clutch.co/profile/elk-creative
Map & Fire,Logo Designers,Create a 1-of-1 position for your brand,5.0,19 REVIEWS,No,"$10,000+",$150 - $199 / hr,2 - 9,"Torrance, CA","Logo,Branding,Market Research,Packaging Design","10,50,30,10","""They did a great job with market research and naming.""",https://mapandfire.com/?utm_source=clutch.co&utm_medium=referral&utm_campaign=directory,https://clutch.co/profile/map-fire
BS LLC,Logo Designers,Ohio's Top B2B Brand Strategy Agency,4.9,22 REVIEWS,No,"$10,000+",$150 - $199 / hr,2 - 9,"Cincinnati, OH","Logo,Branding,Business Consulting,Marketing Strategy,Search Engine Optimization","10,40,20,20,10","""They have the best blend of creativity, strategy, and clear messaging that I've come across.""",https://bsllc.biz/services/branding/?utm_campaign=branding%20services&utm_source=clutch&utm_medium=clutch%20homepage,https://clutch.co/profile/bs
Passionate Design Agency,Logo Designers,Premium Design Made Affordable,5.0,40 REVIEWS,No,"$1,000+",$100 - $149 / hr,2 - 9,"London, United Kingdom","Logo,Graphic Design,Web Design,Branding,E-Commerce Development,Print Design,Search Engine Optimization,UX/UI Design","10,20,20,10,10,10,10,10","""What impressed us most about Passionate Design Agency was their creativity and dedication to the project.""",https://passionates.com/?utm_source=clutch.co&utm_medium=referral&utm_campaign=directory,https://clutch.co/profile/passionate-design-agency
Brandlucent,Logo Designers,Award-winning Branding Agency || Canada & Ireland,5.0,11 REVIEWS,No,"$25,000+",$150 - $199 / hr,2 - 9,"Montréal, Canada","Logo,Branding,Web Design","10,80,10","""The professionalism and speed at which their team could work impressed us.""",https://brandlucent.com/?utm_source=clutch.co&utm_medium=referral,https://clutch.co/profile/brandlucent
Strawberry Brand Studio,Logo Designers,We Craft World-Class Brands,5.0,5 REVIEWS,No,"$25,000+",$100 - $149 / hr,10 - 49,"Miami, FL","Logo,Branding,Web Design,Web Development","10,70,10,10","""They were a great team with a global perspective of branding and beautiful design.""",http://www.strawberrystudio.co/?utm_source=clutch.co&utm_medium=referral&utm_campaign=directory,https://clutch.co/profile/strawberry-brand-studio
Simple Truth,Logo Designers,Big ideas. Big impact.,4.9,15 REVIEWS,No,"$25,000+",$150 - $199 / hr,10 - 49,"Chicago, IL","Logo,Branding,Content Marketing,Marketing Strategy,Advertising,Social Media Marketing","10,30,25,15,10,10","“Simple Truth’s flexibility, listening skills, and adaptability are outstanding. They’re very easy to work with.”",http://yoursimpletruth.com/?utm_source=clutch.co&utm_medium=referral&utm_campaign=directory,https://clutch.co/profile/simple-truth
Calico Studio,Logo Designers,"Brands that hit the mark, and sell like hot cakes.",4.9,5 REVIEWS,No,"$5,000+",$100 - $149 / hr,2 - 9,"Auckland, New Zealand","Logo,Branding,Packaging Design","35,35,30","""They weren't a design studio that focused only on trends but more on the brand.""",https://calicostudio.co.nz/?utm_source=clutch.co&utm_medium=referral&utm_campaign=agencies-logo-designers,https://clutch.co/profile/calico-studio
Emery Agency,Logo Designers,Good ideas deserve great reputations.™,5.0,12 REVIEWS,No,"$25,000+",$200 - $300 / hr,10 - 49,"Freeport, ME","Logo,Branding,Web Development,Graphic Design","10,60,25,5","""They also asked thoughtful and strategic questions that allowed us to have a strong brief from the start.""",https://emery.com/?utm_source=clutch.co&utm_medium=referral&utm_campaign=directory,https://clutch.co/profile/emery-agency
ColorJar,Logo Designers,We create champion brands.,4.8,15 REVIEWS,No,"$25,000+",Undisclosed,10 - 49,"Chicago, IL","Logo,Branding,Packaging Design,Web Design","20,60,10,10","""Everything they did for us was great. ... They exceeded my expectations.""",http://colorjar.com/?utm_source=clutch.co&utm_medium=referral,https://clutch.co/profile/colorjar
SLAPS,Logo Designers,BRANDING THAT SLAPS,5.0,10 REVIEWS,No,"$5,000+",$100 - $149 / hr,50 - 249,"Barcelona, Spain","Logo,Branding,Advertising,Graphic Design,Packaging Design","10,40,30,10,10","""We liked how attentive they are, we really felt like they were part of our internal team.""",http://www.brandingthatslaps.com/?utm_source=clutch&utm_medium=referral,https://clutch.co/profile/slaps
The Label Collective,Logo Designers,"A strategic, brand-focused creative studio.",4.9,6 REVIEWS,No,"$5,000+",$100 - $149 / hr,2 - 9,"Austin, TX","Logo,Graphic Design,Branding,UX/UI Design,Web Design","10,40,30,10,10","""The quality of design was amazing, and their approach to gathering stakeholders' feedback was great.""",https://www.thelabelcollective.com/?utm_source=clutch.co&utm_medium=referral&utm_campaign=directory,https://clutch.co/profile/label-collective
Bellman Agency,Logo Designers,"The home of branding, graphic design and content.",4.8,6 REVIEWS,No,"$1,000+",$150 - $199 / hr,10 - 49,"Hawthorn, Australia","Logo,Branding,Graphic Design,Marketing Strategy,Packaging Design,Print Design","20,25,25,10,10,10","""They provided outstanding service and efficient responses to any inquiries we had.""",https://www.bellmanagency.com.au/?utm_source=clutch.co&utm_medium=referral&utm_campaign=directory,https://clutch.co/profile/bellman-agency-0
ParkerWhite Brand Interactive,Logo Designers,BRAND. ATTRACT. NURTURE. GROW.,4.8,21 REVIEWS,No,"$25,000+",$100 - $149 / hr,2 - 9,"Encinitas, CA","Logo,Branding,Web Design,Digital Strategy,Advertising,Packaging Design,Social Media Marketing","10,25,20,15,10,10,10","""ParkerWhite Brand Interactive was a well-organized, very creative, and passionate agency.""",https://www.parkerwhite.com/?utm_source=clutch.co&utm_medium=referral,https://clutch.co/profile/parkerwhite-brand-interactive
Olivine,Logo Designers,We’re a full-service product marketing agency,5.0,2 REVIEWS,No,"$10,000+",$150 - $199 / hr,10 - 49,"San Francisco, CA","Logo,Product Marketing,Branding,Content Marketing,Graphic Design,Marketing Strategy,Web Design","10,40,10,10,10,10,10","""Olivine has a great sense of how to combine copywriting, visuals, and design into a coherent web experience.""",https://www.olivinemarketing.com/agency/?utm_source=clutch.co&utm_medium=referral&utm_campaign=directory,https://clutch.co/profile/olivine-0
Four By North,Logo Designers,"We elevate brands, products, websites quickly",5.0,5 REVIEWS,No,"$5,000+",$100 - $149 / hr,2 - 9,"Pasadena, CA","Logo,UX/UI Design,Web Design,Content Writing Services,Graphic Design,Print Design","10,30,30,10,10,10","""Their designs were tailored perfectly to our desired corporate image.""",https://fourbynorth.com/?utm_source=clutch.co&utm_medium=referral&utm_campaign=directory,https://clutch.co/profile/four-north
States of Matter,Logo Designers,Level Up and Amplify Your Impact.,5.0,13 REVIEWS,No,"$5,000+",$100 - $149 / hr,2 - 9,"Seattle, WA","Logo,Branding,Web Design,Packaging Design,UX/UI Design","10,40,30,10,10","“Their strengths are their process, and taking people through a journey, which is the most important part.”",http://www.statesofmatter.com/,https://clutch.co/profile/states-matter
Commotion Engine,Logo Designers,We simplify complex ideas through animated videos,5.0,21 REVIEWS,No,"$5,000+",$100 - $149 / hr,2 - 9,"Chamblee, GA","Logo,Video Production,Social Media Marketing,Graphic Design","10,60,20,10","""I had never worked with a video company that was so attentive to our needs.""",http://commotionengine.com/?utm_source=clutch.co&utm_medium=referral&utm_campaign=directory,https://clutch.co/profile/commotion-engine
Mano a Mano,Logo Designers,Fighting side by side with you.,5.0,12 REVIEWS,No,"$5,000+",$50 - $99 / hr,2 - 9,"Porto, Portugal","Logo,Branding,Web Design,Graphic Design,Packaging Design,Print Design,UX/UI Design,Web Development","10,20,20,10,10,10,10,10","“They’re great creative minds, and the team understands our business and vision.”",https://manoamanoclub.com/?utm_source=clutch.co&utm_medium=referral&utm_campaign=directory,https://clutch.co/profile/mano-mano
Chase Design,Logo Designers,Creating Success!,5.0,18 REVIEWS,No,"$10,000+",$150 - $199 / hr,2 - 9,"Carlsbad, CA","Logo,Web Design,Branding,Search Engine Optimization","10,70,10,10","“Chase Design was able to meet our demands ahead of schedule, and we launched the website early.”",https://chrischasedesign.com/?utm_source=clutch.co&utm_medium=referral&utm_campaign=directory,https://clutch.co/profile/chase-design
Mirage,Logo Designers,Brands for the future.,5.0,9 REVIEWS,No,"$5,000+",$100 - $149 / hr,10 - 49,"Berlin, Germany","Logo,Branding,Graphic Design,Advertising,Web Design,Packaging Design,Print Design","10,40,20,10,10,5,5","""The team was very responsive, and all deadlines were treated with care and respect.""",https://www.thisismirage.com/?utm_source=clutch.co&utm_medium=referral&utm_campaign=directory,https://clutch.co/profile/mirage
DNA Business Engineering Ltd,Logo Designers,Developing growth through strategy & marketing,4.6,8 REVIEWS,No,"$5,000+",$100 - $149 / hr,2 - 9,"Harrogate, United Kingdom","Logo,Branding,Web Design,Business Consulting,Market Research,Content Marketing,Marketing Strategy,Search Engine Optimization,Other","18,20,20,15,10,5,5,5,2","''my sales have increased dramatically from what they used to be, and the site's only been active for one month.''",https://dnabusinessengineering.co.uk/?utm_source=clutch.co&utm_medium=referral&utm_campaign=directory,https://clutch.co/profile/dna-business-engineering
andyedge,Logo Designers,Branding & UX Design,5.0,2 REVIEWS,No,"$10,000+",$100 - $149 / hr,2 - 9,"Toronto, Canada","Logo,Graphic Design,UX/UI Design,Branding","20,30,30,20","""The execution was excellent across the board.""",https://www.andyedge.com/?utm_source=clutch.co&utm_medium=referral&utm_campaign=directory,https://clutch.co/profile/andyedge
Logo Talks,Logo Designers,Building a Storytelling Brand,4.8,12 REVIEWS,No,"$5,000+",$150 - $199 / hr,10 - 49,"Kuala Lumpur, Malaysia","Logo,Branding,Graphic Design,Marketing Strategy,Print Design,Web Development","10,50,10,10,10,10",''The team demonstrated a deep understanding of our brand and our vision.'',https://logotalks.com/,https://clutch.co/profile/logo-talks
Wololo hq,Logo Designers,Crave Conversion,5.0,2 REVIEWS,No,"$5,000+",$100 - $149 / hr,2 - 9,"Gurugram, India","Logo,Branding,Packaging Design","25,50,25","""Their ideas are very unique, bright, and colorful.""",https://www.wololohq.com/?utm_source=clutch.co&utm_medium=referral&utm_campaign=directory,https://clutch.co/profile/wololo-hq
Robyn & Robyn,Logo Designers,Your Brand. Refined.,5.0,12 REVIEWS,No,"$10,000+",$200 - $300 / hr,2 - 9,"Laguna Beach, CA","Logo,Branding,Content Marketing,Digital Strategy,Graphic Design,Marketing Strategy","10,50,10,10,10,10",“They did a great job of capturing what I wanted and what my company represented in the messaging.”,https://www.robynandrobyn.com/?utm_source=clutch.co&utm_medium=referral,https://clutch.co/profile/robyn-robyn
CodeMasters Agency,Logo Designers,A Digital Agency Going Above and Beyond,5.0,4 REVIEWS,No,"$1,000+",$100 - $149 / hr,2 - 9,"Hamilton, Canada","Logo,Web Development,Search Engine Optimization,Web Design,Social Media Marketing","10,30,25,25,10","""We were impressed with how knowledgeable they are and their attention to detail when they deliver the work.""",https://www.codemastersinc.com/clutch?utm_source=clutch.co&utm_medium=referral&utm_campaign=directory,https://clutch.co/profile/codemasters-agency
Compete Now,Logo Designers,A Website Design Company You Can Rely On,5.0,6 REVIEWS,No,"$5,000+",$100 - $149 / hr,2 - 9,"North Andover, MA","Logo,Web Design,Pay Per Click,Search Engine Optimization","10,60,20,10","""Their project management style was client-oriented. They really listened to our needs and mission.""",http://startcompeting.com/?utm_source=clutch.co&utm_medium=referral,https://clutch.co/profile/compete-now
weCreate,Logo Designers,A higher standard in web design and marketing,4.9,12 REVIEWS,No,"$1,000+",$100 - $149 / hr,2 - 9,"Erie, PA","Logo,Search Engine Optimization,Web Design,Web Development,Branding,Social Media Marketing,Video Production","10,25,25,25,5,5,5","""The team at WeCreate has a diverse set of abilities and functions.""",https://www.wecreate.com/?utm_source=clutch.co&utm_medium=referral&utm_campaign=directory,https://clutch.co/profile/wecreate-0
"Clear Mind Graphics, Inc",Logo Designers,Powered by Leading Creativity,4.9,7 REVIEWS,No,"$5,000+",$100 - $149 / hr,2 - 9,"Hailey, ID","Logo,Branding,Content Marketing,Search Engine Optimization,Web Design","10,25,25,25,15","""They’ve made the process easy for me.""",https://clearmindgraphics.com/?utm_source=clutch.co&utm_medium=referral&utm_campaign=directory,https://clutch.co/profile/clear-mind-graphics
VeteranWebDesign.com,Logo Designers,Veteran Owned Web Design Company-VeteranWebDesign,5.0,5 REVIEWS,No,"$1,000+",< $25 / hr,Freelancer,"Mechanicsville, VA","Logo,Web Design,E-Commerce Development,Search Engine Optimization,Web Development","15,40,15,15,15",“They always make sure my site is updated.”,https://veteranwebdesign.com/?utm_source=clutch.co&utm_medium=referral,https://clutch.co/profile/veteranwebdesigncom
Practice Cafe,Logo Designers,"Smart Marketing, Served Daily",5.0,3 REVIEWS,No,Undisclosed,Undisclosed,10 - 49,"Austin, TX","Logo,Pay Per Click,Search Engine Optimization,Web Design,Branding,Graphic Design","10,25,25,20,10,10","“They stay on top of the day-to-day workflow, so I never worry about them.“",https://www.practicecafe.com/?utm_source=clutch.co&utm_medium=referral&utm_campaign=directory,https://clutch.co/profile/practice-cafe
Emotive Brand,Logo Designers,Building strong brands to drive growth,4.9,37 REVIEWS,No,"$25,000+",Undisclosed,10 - 49,"Oakland, CA","Logo,Branding,Marketing Strategy","25,50,25","""They surpassed all expectations and have transformed our organization.""",,https://clutch.co/profile/emotive-brand
IdeaStudio | Tulsa Logo Design Specialists,Logo Designers,Tulsa's Only Logo Design Specialists,5.0,5 REVIEWS,No,"$1,000+",Undisclosed,2 - 9,"Tulsa, OK",Logo,100,"""We're delighted with their work and don't see ourselves using someone else.""",,https://clutch.co/profile/ideastudio-tulsa-logo-design-specialists
The House London Ltd.,Logo Designers,"World Class Branding, Marketing & Digital Agency",4.9,27 REVIEWS,No,"$1,000+",$100 - $149 / hr,10 - 49,"London, United Kingdom","Logo,Branding","10,90","""The team is really amazing at what they do.""",,https://clutch.co/profile/house-london
Global Brand Works,Logo Designers,A boutique brand strategy agency,4.9,23 REVIEWS,No,"$25,000+",$200 - $300 / hr,2 - 9,"San Francisco, CA","Logo,Branding,Graphic Design,HR Consulting","20,60,10,10","""They were personable, willing to listen, and committed to our success.""",,https://clutch.co/profile/global-brand-works
Commence Studio,Logo Designers,"We help companies begin, rise and renew",5.0,25 REVIEWS,No,"$10,000+",$150 - $199 / hr,2 - 9,"Reno, NV","Logo,E-Commerce Development,Web Design,Packaging Design,Email Marketing,Pay Per Click","25,25,20,15,10,5","""We trust one another’s expertise and do not shy away from disagreement. Everyone is highly professional.""
 """,,https://clutch.co/profile/commence-studio
MAVINX,Logo Designers,Professional Web and Mobile Design and Development,5.0,22 REVIEWS,No,"$5,000+",$25 - $49 / hr,10 - 49,"Dnipro, Ukraine","Logo,Mobile App Development,UX/UI Design,Web Development","25,25,25,25","""We had a very professional and pleasant experience.""",,https://clutch.co/profile/mavinx
Brian White Design,Logo Designers,Surprisingly Nimble℠,4.9,22 REVIEWS,No,"$1,000+",$100 - $149 / hr,2 - 9,"Lawrence, KS","Logo,UX/UI Design,Branding,Web Design","30,45,15,10","""Brian White Design (formerly TriLion Studios) delivered the website we were hoping for and really understood the…""",,https://clutch.co/profile/brian-white-design-0
Qream,Logo Designers,Start-ups love our branding,5.0,22 REVIEWS,No,"$10,000+",$50 - $99 / hr,10 - 49,"Kyiv, Ukraine","Logo,Branding,Web Design,AR/VR Development,Graphic Design,Product Design,UX/UI Design,Web Development","10,25,25,10,10,10,5,5","""I loved the passion that everyone had for this project.""",,https://clutch.co/profile/qream
Capsule,Logo Designers,We help brands look the way they feel,4.9,10 REVIEWS,No,"$10,000+",$200 - $300 / hr,10 - 49,"Minneapolis, MN","Logo,Branding,Packaging Design,Web Design,Advertising,Digital Strategy,Product Design,Social Media Marketing","20,25,25,10,5,5,5,5","""It truly was a customer-centric process.""",,https://clutch.co/profile/capsule
MKC Agency,Logo Designers,Scale Revenue with Content that Converts,5.0,8 REVIEWS,No,"$1,000+",$100 - $149 / hr,10 - 49,"Orlando, FL","Logo,Content Marketing,Sales Outsourcing,Branding,Digital Strategy,Graphic Design,Marketing Strategy,Email Marketing,Social Media Marketing,Web Design,Other","10,20,15,10,10,10,7,5,5,5,3","""Project management was organized and timely.""",,https://clutch.co/profile/mkc-agency
Propr,Logo Designers,Transforming Brands for Greater Performance,4.9,27 REVIEWS,No,"$10,000+",Undisclosed,2 - 9,"Baltimore, MD","Logo,Web Design,Branding,Web Development","10,45,35,10",“Their approach went a long way in developing a partnership in which they strived to understand our goals.”,,https://clutch.co/profile/propr
L+R,Logo Designers,Strategy + Aesthetics®,5.0,11 REVIEWS,No,"$10,000+",$200 - $300 / hr,10 - 49,"Brooklyn, NY","Logo,AI Development,Blockchain,Branding,Business Consulting,IT Strategy Consulting,Mobile App Development,UX/UI Design,Web Design,Web Development","10,10,10,10,10,10,10,10,10,10","""We find L+R to be professional, reliable, but most of all creative.""",,https://clutch.co/profile/lr
BEXBRANDS,Logo Designers,Give a Shift,5.0,16 REVIEWS,No,"$25,000+",$150 - $199 / hr,2 - 9,"San Diego, CA","Logo,Branding,Packaging Design,Print Design,Web Design","10,30,30,20,10","""They were great all the way around and were incredibly customer-focused.""",,https://clutch.co/profile/bexbrands
Vowels Branding LLC,Logo Designers,Creating impactful brands,5.0,5 REVIEWS,No,"$1,000+",Undisclosed,10 - 49,"Dubai, United Arab Emirates","Logo,Branding,Graphic Design,Packaging Design","40,40,10,10","""Their efforts and dedication towards the brand were priceless and unmatched.""",,https://clutch.co/profile/vowels-branding
MiresBall,Logo Designers,More is possible.,5.0,10 REVIEWS,No,"$25,000+",$150 - $199 / hr,10 - 49,"San Diego, CA","Logo,Branding,Graphic Design,Packaging Design,Web Design","20,20,20,20,20",“MiresBall provided excellent service.”,,https://clutch.co/profile/miresball
Gershoni Creative Agency,Logo Designers,We’re a creative agency that builds brands.,4.9,6 REVIEWS,No,"$100,000+",Undisclosed,10 - 49,"San Francisco, CA","Logo,Branding,Advertising,Content Marketing,Marketing Strategy,Print Design","30,30,10,10,10,10","""They’ve hugely impacted and precipitated our success.”""",,https://clutch.co/profile/gershoni-creative-agency
Titan Web Agency,Logo Designers,Online Marketing for Dentists & Other Small Biz,5.0,7 REVIEWS,No,"$1,000+",$100 - $149 / hr,2 - 9,"Riverton, UT","Logo,Search Engine Optimization,Web Design,Pay Per Click","10,35,30,25","""They were highly responsive and provided personalized service.""",,https://clutch.co/profile/titan-web-agency
Campground,Logo Designers,Digital Agency | User Experience & Design,5.0,11 REVIEWS,No,"$5,000+",$200 - $300 / hr,2 - 9,"Oceanside, CA","Logo,Web Design,Branding,UX/UI Design,Graphic Design,Web Development","20,25,20,15,10,10","""Campground went above and beyond for us to meet all goals.""",,https://clutch.co/profile/campground
Admind Agency,Logo Designers,A global branding agency,5.0,3 REVIEWS,No,"$5,000+",$50 - $99 / hr,50 - 249,"Kraków, Poland","Logo,Branding,Advertising,Graphic Design,Marketing Strategy,Print Design,Packaging Design,Public Relations,UX/UI Design","10,35,10,10,10,10,5,5,5","“If we had a larger budget, we would do even more with Admind Agency.”",,https://clutch.co/profile/admind-agency
Daake,Logo Designers,A pivotal-moment brand agency,5.0,25 REVIEWS,No,"$25,000+",$200 - $300 / hr,10 - 49,"Omaha, NE","Logo,Branding","20,80","""They will reach into your mind and pull out the brand essence that you are unable to formulate yourself.""",,https://clutch.co/profile/daake
Logo Design NYC,Logo Designers,"Unique, Memorable & Custom Logo Design Services",5.0,3 REVIEWS,No,Undisclosed,$100 - $149 / hr,2 - 9,"New York, NY","Logo,Branding,Graphic Design,Packaging Design","40,20,20,20","""100% seamless.""",,https://clutch.co/profile/logo-design-nyc
Frost*collective,Logo Designers,Strategic creative group,5.0,1 REVIEW,No,"$100,000+",$200 - $300 / hr,10 - 49,"Alexandria, Australia","Logo,Branding,Interior Design,Graphic Design,Packaging Design,Print Design","25,30,20,10,10,5",“Their team is good at distilling our message and turning it into something eye-catching and creative.”,,https://clutch.co/profile/frostcollective
FutureBrand Australia,Logo Designers,A global brand transformation company,4.9,4 REVIEWS,No,"$100,000+",$200 - $300 / hr,10 - 49,"East Melbourne, Australia","Logo,Branding,Marketing Strategy","20,60,20",“They were knowledgeable in their field; their expertise was evident.”,,https://clutch.co/profile/futurebrand-australia
Uport Agency,Logo Designers,We blend ingenious ideas with business expansion,5.0,5 REVIEWS,No,"$5,000+",$50 - $99 / hr,50 - 249,"Aventura, FL","Logo,Web Development,Web Design,Branding,Graphic Design,Advertising","10,40,20,15,10,5","""We were pleased to work with an organization led by young professionals, given the focus of this job.""",,https://clutch.co/profile/uport-agency
Logo Monkey,Logo Designers,Best Logo Design Agency In Brisbane,5.0,1 REVIEW,No,"$1,000+",$25 - $49 / hr,50 - 249,"Brisbane City, Australia","Logo,Branding","75,25","""Our communication with Logo Monkey was excellent, and they were friendly.""",,https://clutch.co/profile/logo-monkey
DsgnStory,Logo Designers,Connecting brands with people,5.0,2 REVIEWS,No,"$1,000+",$25 - $49 / hr,2 - 9,"Bronx, NY","Logo,Graphic Design,UX/UI Design,Web Design","40,40,10,10","""We appreciate their quick turnaround time and ability to follow directions well.""",,https://clutch.co/profile/dsgnstory
Left Hand Design,Logo Designers,Austin Graphic Design and Branding,5.0,19 REVIEWS,No,"$1,000+",$150 - $199 / hr,2 - 9,"Austin, TX","Logo,Graphic Design,Packaging Design,Print Design,Web Design","40,15,15,15,15","""Left Hand Design is very transparent and communicative about deadlines and what to expect throughout the process.""",,https://clutch.co/profile/left-hand-design
Level Group,Logo Designers,Design translates strategy into experience.,5.0,2 REVIEWS,No,"$10,000+",$150 - $199 / hr,2 - 9,"Brooklyn, NY","Logo,Web Design,Branding,Graphic Design,Digital Strategy,Print Design,Social Media Marketing,UX/UI Design","15,30,25,10,5,5,5,5","""They're thoughtful, pensive and deeply invested in parsing out all variables before providing a solution or advice.""",,https://clutch.co/profile/level-group-0
we3studio,Logo Designers,Brand + Web. Unique visual solutions.,5.0,6 REVIEWS,No,"$5,000+",$50 - $99 / hr,2 - 9,"Warszawa, Poland","Logo,Web Design,Graphic Design,UX/UI Design,Web Development","20,25,20,20,15","""We are very happy with the collaboration.""",,https://clutch.co/profile/we3studio
Frank & Victor Design,Logo Designers,Multi-Touchpoint Refined Branding & Design,5.0,2 REVIEWS,No,"$10,000+",$150 - $199 / hr,2 - 9,"Austin, TX","Logo,Branding,Web Design,Web Development","20,40,30,10","""They're truly a stellar partner.""",,https://clutch.co/profile/frank-victor-design
Clipatize,Logo Designers,One stop shop for B2B marketing,4.9,9 REVIEWS,No,"$10,000+",$50 - $99 / hr,10 - 49,"Warszawa, Poland","Logo,Digital Strategy,Content Marketing,Branding,Graphic Design,Marketing Strategy,UX/UI Design,Web Design,Email Marketing","10,20,15,10,10,10,10,10,5","""Clipatize was always very patient and flexible.""",,https://clutch.co/profile/clipatize
"10 Plus Brand, Inc.",Logo Designers,Stand for something,5.0,10 REVIEWS,No,"$1,000+",$200 - $300 / hr,10 - 49,"Lafayette, CA","Logo,Branding,Search Engine Optimization,Content Marketing,Digital Strategy,Marketing Strategy,Social Media Marketing,Video Production,Web Design","10,15,15,10,10,10,10,10,10",''The results are worthwhile.'',,https://clutch.co/profile/10-plus-brand
Awkward Media,Logo Designers,Digital Marketing Firm in Canada,4.8,23 REVIEWS,No,"$1,000+",$50 - $99 / hr,10 - 49,"Toronto, Canada","Logo,Search Engine Optimization,Branding,Pay Per Click,Content Marketing,Web Design","10,30,20,20,10,10","""Awkward Media took proactive initiatives.""",,https://clutch.co/profile/awkward-media
The Skins Factory,Logo Designers,Celebrating 22 Years of World-Class UI/UX Design,5.0,12 REVIEWS,No,"$25,000+",$150 - $199 / hr,2 - 9,"Cooper City, FL","Logo,UX/UI Design","10,90","""They don’t just simply do what we tell them to do. Instead, they suggest ways to make things better.""",,https://clutch.co/profile/skins-factory
Backroom,Logo Designers,Brand Development | Baltimore MD | Backroom,4.9,8 REVIEWS,No,"$10,000+",$200 - $300 / hr,10 - 49,"Baltimore, MD","Logo,Branding,Marketing Strategy,Digital Strategy,Content Marketing,Email Marketing,Graphic Design,Market Research,Packaging Design,Print Design,Social Media Marketing","10,30,15,10,5,5,5,5,5,5,5","""They went the extra mile with each deliverable and were always very positive!""",,https://clutch.co/profile/backroom
Tholon,Logo Designers,"Branding, graphic design, and editorial design",5.0,6 REVIEWS,No,"$1,000+",$50 - $99 / hr,2 - 9,"Buenos Aires, Argentina","Logo,Branding,Graphic Design,Web Design","25,25,25,25","""The Tholon team delivered the project on time and according to the established requirements.""",,https://clutch.co/profile/tholon
C ( G R O U P,Logo Designers,Design Agency for Non Profits,5.0,6 REVIEWS,No,"$10,000+",Undisclosed,10 - 49,"Toronto, Canada","Logo,Branding,Graphic Design,Web Design,Marketing Strategy,Social Media Marketing","20,20,20,20,10,10","""We were very impressed by their presentations, thoughtfulness, research, and feedback.""",,https://clutch.co/profile/c-g-r-o-u-p
Proof Branding,Logo Designers,"We craft purposeful, passionate brands.",5.0,8 REVIEWS,No,"$10,000+",$150 - $199 / hr,10 - 49,"Nashville, TN","Logo,Branding,Print Design,Web Design,Packaging Design","20,30,20,20,10",“They follow through with everything and we never have to wait.”,,https://clutch.co/profile/proof-branding
Klutch Studio,Logo Designers,Do Something Great™,5.0,7 REVIEWS,No,"$10,000+",$100 - $149 / hr,2 - 9,"London, United Kingdom","Logo,Branding,Web Design,Graphic Design,Print Design","25,30,25,10,10","""They've taken the time to understand who we are and what makes our business tick first.""",,https://clutch.co/profile/klutch-studio
Motyw Studio,Logo Designers,Creating brand identities,4.9,8 REVIEWS,No,"$5,000+",$50 - $99 / hr,2 - 9,"Warszawa, Poland","Logo,Packaging Design,Web Design,UX/UI Design","20,30,30,20",''It was a proper cooperation.'',,https://clutch.co/profile/motyw-studio
twid,Logo Designers,"Creative studio of brave ideas, people & solutions",5.0,14 REVIEWS,No,"$10,000+",$50 - $99 / hr,10 - 49,"Kyiv, Ukraine","Logo,Branding,Web Design,Marketing Strategy,UX/UI Design,Web Development","10,30,30,10,10,10","""We won the Red Dot award for brand design and identity, confirming the results of their phenomenal work.""",,https://clutch.co/profile/twid
Thompson & Prince,Logo Designers,Branding & design for startups & small businesses,4.9,42 REVIEWS,No,"$1,000+",$150 - $199 / hr,2 - 9,"Raleigh, NC","Logo,Branding,Web Design,Graphic Design,UX/UI Design","20,25,25,15,15","""The presentation was completed to our satisfaction.""",,https://clutch.co/profile/thompson-prince
Aam Creative,Logo Designers,Ripe Social Media and Storytelling for Brands,4.8,7 REVIEWS,No,"$5,000+",$50 - $99 / hr,10 - 49,"Boston, MA","Logo,Social Media Marketing,Branding,Web Design","25,35,20,20","""They were nimble, crafty, creative, and quick to respond."" """,,https://clutch.co/profile/aam-creative
The O Group,Logo Designers,"Luxury Marketing, Branding + Creative Agency",5.0,13 REVIEWS,No,"$50,000+",$150 - $199 / hr,2 - 9,"New York, NY","Logo,Web Design,Graphic Design,Digital Strategy,Packaging Design,Print Design","25,25,20,15,10,5",“The O Group creates excellent products that show an understanding of us and meet our needs. They’re excellent partners…,,https://clutch.co/profile/o-group
Studio Lutalica,Logo Designers,Design for Feminists and Queers,5.0,3 REVIEWS,No,"$1,000+",$100 - $149 / hr,10 - 49,"Edinburgh, United Kingdom","Logo,Graphic Design,Branding,Print Design,Search Engine Optimization,UX/UI Design,Web Design,Web Development,Content Writing Services,E-Commerce Development,Packaging Design","10,15,10,10,10,10,10,10,5,5,5","""They were on time, thoughtful, responsive, and incredible to work with.""",,https://clutch.co/profile/studio-lutalica
BuzzFlick,Logo Designers,Get Heard. Get Seen. Get Buzzin'!,4.8,54 REVIEWS,No,"$1,000+",$50 - $99 / hr,50 - 249,"Houston, TX","Logo,Video Production,Graphic Design","10,60,30","""From conception to final delivery, they kept us in the loop.""",,https://clutch.co/profile/buzzflick
Identity Makers - Brand Naming Agency,Logo Designers,"Identity Makers, Because Identity matters!",4.8,2 REVIEWS,No,"$1,000+",$25 - $49 / hr,10 - 49,"Norman, OK","Logo,Branding,Packaging Design","50,25,25","""Everyone has liked Chordya’s work. We’re very happy.""",,https://clutch.co/profile/identity-makers-brand-naming-agency
Creathive,Logo Designers,We create digital products and brands that people,5.0,9 REVIEWS,No,"$5,000+",$50 - $99 / hr,10 - 49,"İstanbul, Türkiye","Logo,UX/UI Design,Web Design,Branding,Graphic Design","10,30,30,25,5","""We were most impressed with Creathive's genuine passion for design and branding.""",,https://clutch.co/profile/creathive
FLOV Brand design studio.,Logo Designers,We craft brands®,5.0,1 REVIEW,No,"$1,000+",$25 - $49 / hr,10 - 49,"Wrocław, Poland","Logo,Branding,Packaging Design,Print Design,Video Production","30,30,20,10,10","""We appreciate that budget isn’t the number one factor when completing the work.""",,https://clutch.co/profile/flov-brand-design-studio
celerart.,Logo Designers,"Agency for Websites, UI/UX, Branding",4.7,16 REVIEWS,No,"$5,000+",$50 - $99 / hr,10 - 49,"Kyiv, Ukraine","Logo,Web Design,Branding,UX/UI Design","20,40,30,10",“celerart. is well worth the investment I’m making — the value for the development package they provide is great.”,,https://clutch.co/profile/celerart
Amber Design,Logo Designers,Your strategic graphic design solution.,4.9,10 REVIEWS,No,"$5,000+",$100 - $149 / hr,2 - 9,"Nampa, ID","Logo,Branding,Graphic Design,Print Design,Packaging Design,Web Design","30,30,18,8,7,7","""We were impressed with their prompt delivery and professionalism.""",,https://clutch.co/profile/amber-design
WonderWild,Logo Designers,We brings brands to life through compelling design,5.0,15 REVIEWS,No,"$10,000+",$100 - $149 / hr,2 - 9,"Lincoln, NE","Logo,Branding,Packaging Design","15,70,15","""The design work spoke for itself, but their approach really impressed me.""",,https://clutch.co/profile/wonderwild
Background Removal Services,Logo Designers,"Clipping path, Photo Editing, Photo Retouch $0.50",5.0,1 REVIEW,No,"$50,000+",$50 - $99 / hr,250 - 999,"Dhaka, Bangladesh","Logo,Graphic Design,Print Design,Product Design,Architectural Design,UX/UI Design","30,35,15,10,5,5",Background Removal Services is founded with the ambition of being the best to provide a quality service relating to image editing and retouching. We're dedicated to providing you the very best of…,,https://clutch.co/profile/background-removal-services
Omit Studios,Logo Designers,Elevating the authentic,5.0,10 REVIEWS,No,"$10,000+",$150 - $199 / hr,2 - 9,"Boca Raton, FL","Logo,Print Design,Graphic Design,Packaging Design,UX/UI Design,Web Design","20,30,20,10,10,10","""Their attention to detail made it easier to work through issues in a timely manner.""",,https://clutch.co/profile/omit-studios
Resound,Logo Designers,You are remarkable,4.9,12 REVIEWS,No,"$10,000+",$150 - $199 / hr,10 - 49,"Tempe, AZ","Logo,Branding,Content Marketing,Video Production,Web Design,Web Development","20,45,10,10,10,5",“Their creativity is amazing — Resound’s branding ideas have been so interesting and fresh.”,,https://clutch.co/profile/resound
Atelier LKS,Logo Designers,Orchestrating brand harmony for your business,5.0,7 REVIEWS,No,"$5,000+",$150 - $199 / hr,2 - 9,"Providence, RI","Logo,Branding,Graphic Design,Web Design","20,40,20,20","""Atelier LKS was responsive and thorough, and they worked hard to meet our needs.""",,https://clutch.co/profile/atelier-lks
Eleven,Logo Designers,"Brand creative, D2C Shopify e-commerce agency.",5.0,11 REVIEWS,No,"$5,000+",Undisclosed,2 - 9,"London, United Kingdom","Logo,UX/UI Design,Web Design,Branding,Graphic Design,Conversion Optimization,Digital Strategy,E-Commerce Development,Social Media Marketing,Web Development","10,20,20,15,10,5,5,5,5,5","""The only thing I want to do differently is work with Eleven more!""",,https://clutch.co/profile/eleven-1
PNC Logos,Logo Designers,PNC Logos,5.0,6 REVIEWS,No,"$1,000+",$50 - $99 / hr,50 - 249,"Orlando, FL","Logo,E-Commerce Development,Pay Per Click,Print Design,Search Engine Optimization,Social Media Marketing,Web Design,Web Development","16,12,12,12,12,12,12,12","""Their attention to detail and willingness to please me as the client seemed to always be their primary objective.""",,https://clutch.co/profile/pnc-logos
Homepage,Logo Designers,Creative.Digital.Agency,5.0,11 REVIEWS,No,"$5,000+",$25 - $49 / hr,10 - 49,"Novi Sad, Serbia","Logo,Digital Strategy,Pay Per Click,Branding","20,40,25,15","""After two years of fruitful cooperation, I can confidently say they can successfully complete any assigned project.""",,https://clutch.co/profile/homepage
BrandLink Advisors,Logo Designers,"Counsel, advice, answers on Branding and Identity",5.0,8 REVIEWS,No,"$5,000+",$200 - $300 / hr,2 - 9,"New York, NY","Logo,Branding,Graphic Design","25,50,25","""The team at BrandLink Advisors has the right creative skillset for branding work.""",,https://clutch.co/profile/brandlink-advisors
Visceral,Logo Designers,Craft with Purpose,5.0,18 REVIEWS,No,"$50,000+",$200 - $300 / hr,2 - 9,"San Diego, CA","Logo,Branding,Web Design,Web Development,UX/UI Design,Digital Strategy","10,25,20,20,15,10","""Everyone had such a positive attitude, even when dealing with difficult requests.""",,https://clutch.co/profile/visceral
Kukoo Creative,Logo Designers,Small business brand design experts,5.0,1 REVIEW,No,Undisclosed,$50 - $99 / hr,2 - 9,"Garforth, United Kingdom","Logo,Branding,Web Design,Print Design,Other Design","35,25,25,10,5","""Their creativity is incredible, and none of this has felt like hard work.""",,https://clutch.co/profile/kukoo-creative
Brainbox Design,Logo Designers,"Branding, web and UI/UX design agency",5.0,33 REVIEWS,No,"$5,000+",$50 - $99 / hr,10 - 49,"Glendale, CA","Logo,Web Design,UX/UI Design","20,50,30","""Their delivery was mind-blowing.""",,https://clutch.co/profile/brainbox-design
Silk Studio,Logo Designers,Start with Silk.,5.0,8 REVIEWS,No,"$25,000+",$150 - $199 / hr,2 - 9,"Marina del Rey, CA","Logo,Branding,Graphic Design,Out of Home Design,Packaging Design,Print Design","20,40,10,10,10,10","""We’re very happy with what Silk Studio created. We’ve received a lot of positive feedback on the design.""",,https://clutch.co/profile/silk-studio
Lime&Co,Logo Designers,Cultivating brands. Rooted in clarity.,5.0,1 REVIEW,No,"$10,000+",$150 - $199 / hr,2 - 9,"San Diego, CA","Logo,Branding,Web Design,Print Design","30,35,25,10","""Their team made it into an experience we truly enjoyed from day one.""",,https://clutch.co/profile/limeco
KVikStudio,Logo Designers,We create content for businesses and NGOs,4.9,13 REVIEWS,No,"$1,000+",$25 - $49 / hr,10 - 49,"Kyiv, Ukraine","Logo,Web Design,Content Marketing,Graphic Design,Social Media Marketing,Web Development","15,25,15,15,15,15","""They were able to help with the complete cycle of content and website creation.""",,https://clutch.co/profile/kvikstudio
Ingenious Guru NYC,Logo Designers,Trusted Digital Marketing Agency,5.0,5 REVIEWS,No,"$1,000+",$50 - $99 / hr,10 - 49,"Huntington Station, NY","Logo,Web Development","50,50","""Everything has been handled really well.""",,https://clutch.co/profile/ingenious-guru-nyc
Creative Chameleon Studio,Logo Designers,Crafting strategy & design for growing businesses,5.0,4 REVIEWS,No,"$5,000+",$150 - $199 / hr,Freelancer,"Columbia Station, OH","Logo,Branding,Graphic Design","45,45,10","""Creative Chameleon Studio consistently met or exceeded our timelines.""",,https://clutch.co/profile/creative-chameleon-studio
Aeolidia,Logo Designers,Shopify Design & Branding For Creative Businesses,4.9,18 REVIEWS,No,"$10,000+",$200 - $300 / hr,10 - 49,"Seattle, WA","Logo,Web Design,E-Commerce Development","25,50,25","""The quality of work was excellent; I am very happy with my site.""",,https://clutch.co/profile/aeolidia
Woland Web,Logo Designers,Turning Website Woes into Website WOWs,5.0,1 REVIEW,No,"$5,000+",$100 - $149 / hr,2 - 9,"Charlotte, NC","Logo,Web Design,Web Development,Graphic Design,Print Design,Branding,Email Marketing","10,30,30,10,10,5,5","""I highly recommend this company if you are looking to design a new website.""",,https://clutch.co/profile/woland-web
3rd Edge,Logo Designers,Strategic Design for Mission-Driven Organizations,5.0,2 REVIEWS,No,"$25,000+",$150 - $199 / hr,2 - 9,"New York, NY","Logo,UX/UI Design,Web Design,Web Development,Branding,Digital Strategy,Graphic Design","10,20,20,20,10,10,10","""They cater to the needs of our nonprofit, and they know our values and goals.""",,https://clutch.co/profile/3rd-edge
hello.,Logo Designers,Helping you make a difference,5.0,10 REVIEWS,No,"$25,000+",$100 - $149 / hr,10 - 49,"Tel Aviv-Yafo, Israel","Logo,Branding,Web Design,UX/UI Design","15,50,20,15","“We’ve worked with hello. for over a year, and we’re very happy with our engagement — we’ll continue to work with them.”",,https://clutch.co/profile/hello
Oxide Design Co.,Logo Designers,Craft branding and design,5.0,1 REVIEW,No,"$5,000+",$150 - $199 / hr,2 - 9,"Omaha, NE","Logo,Branding,Packaging Design,Web Design,Graphic Design,Print Design,UX/UI Design","25,25,25,10,5,5,5","""Their team excels at collaborating and brainstorming ideas with us.""",,https://clutch.co/profile/oxide-design-co
Heraldist,Logo Designers,Dreamers. Makers. Troublemakers.,4.9,9 REVIEWS,No,"$10,000+",$100 - $149 / hr,10 - 49,"San Francisco, CA","Logo,Branding,Marketing Strategy,Advertising,Video Production","10,50,20,10,10","""I felt their great commitment, good know-how, and clarity in terms of brand strategy.""",,https://clutch.co/profile/heraldist
Lofty Word,Logo Designers,Providing clarity and confidence for your brand.,5.0,7 REVIEWS,No,"$10,000+",$150 - $199 / hr,2 - 9,"Orangevale, CA","Logo,Branding,UX/UI Design,Web Design","20,40,20,20",“Lofty Word was extremely detail-oriented.”,,https://clutch.co/profile/lofty-word
Petrikor Solutions,Logo Designers,Petrikor Solutions Creative Digital Marketing,4.9,4 REVIEWS,No,"$1,000+",$25 - $49 / hr,10 - 49,"Abu Dhabi, United Arab Emirates","Logo,Branding,Content Marketing,Graphic Design,Mobile & App Marketing,Other Digital Marketing,Pay Per Click,Search Engine Optimization,Social Media Marketing,Web Design","10,10,10,10,10,10,10,10,10,10","""They've brought creative solutions to the table and helped us realize our goals when we've had nothing to start with.""",,https://clutch.co/profile/petrikor-solutions
crowdspring,Logo Designers,Design Done Better.,5.0,3 REVIEWS,No,Undisclosed,Undisclosed,10 - 49,"Chicago, IL","Logo,Branding,Packaging Design,Product Design,Web Design","30,30,20,10,10","""The graphic designers were great to work with and very receptive to making changes.""",,https://clutch.co/profile/crowdspring
WebWorld Experts,Logo Designers,Driving Digital Performance.,5.0,1 REVIEW,No,"$1,000+",< $25 / hr,250 - 999,"Panchkula, India","Logo,Branding,E-Commerce Development,Web Design,Web Development,UX/UI Design","10,20,20,20,20,10","""The team made sure that my website would not be another cookie-cutter page."" """,,https://clutch.co/profile/webworld-experts
visux.net,Logo Designers,We build digital products,5.0,17 REVIEWS,No,"$5,000+",$50 - $99 / hr,10 - 49,"Warszawa, Poland","Logo,Product Design,UX/UI Design,Web Design","10,40,40,10","""They were willing to really understand the needs of the client.""",,https://clutch.co/profile/visuxnet
JVM Design,Logo Designers,"We don't just have clients, we have fans.",5.0,23 REVIEWS,No,"$5,000+",$150 - $199 / hr,2 - 9,"Roseburg, OR","Logo,Web Design,Graphic Design,Print Design,Web Development","10,60,10,10,10","""JVM Design helped develop an entirely new look, feel, and flow for the site.""",,https://clutch.co/profile/jvm-design
INCITRIO > B2B digital marketing agency in SoCal,Logo Designers,Start Fresh | Growing Brands since 2004,4.8,16 REVIEWS,No,"$1,000+",$150 - $199 / hr,10 - 49,"Vista, CA","Logo,Branding,Digital Strategy,Web Design","10,40,30,20","""They were an exceptional company.""",,https://clutch.co/profile/incitrio-b2b-digital-marketing-agency-socal
smallnormous,Logo Designers,Take your business from small to smallnormous,5.0,7 REVIEWS,No,"$1,000+",$100 - $149 / hr,2 - 9,"Santa Rosa, CA","Logo,Branding,Web Design,Social Media Marketing","20,40,35,5","“They’re brilliant creative minds who are also diligent, dedicated, and personable.”",,https://clutch.co/profile/smallnormous
Vince Logo Design,Logo Designers,Empower Your Imagination!,5.0,4 REVIEWS,No,"$1,000+",$25 - $49 / hr,50 - 249,"San Diego, CA","Logo,Branding,Web Development,E-Commerce Development,Mobile App Development,Search Engine Optimization,Video Production","15,20,20,15,15,10,5","""They were very professional and quick to deliver the final items.""",,https://clutch.co/profile/vince-logo-design
Luminary Brands,Logo Designers,"Bespoke Branding, Web Design & Digital Marketing ✅",5.0,10 REVIEWS,No,"$5,000+",$50 - $99 / hr,10 - 49,"London, United Kingdom","Logo,Branding,Web Design,Digital Strategy,Advertising,Social Media Marketing","10,35,20,15,10,10","""The overall quality of their work was outstanding.""",,https://clutch.co/profile/luminary-brands
PLAYBOOK STUDIO,Logo Designers,Sharp Strategies. Beautifully Executed.,4.8,3 REVIEWS,No,"$75,000+",$200 - $300 / hr,2 - 9,"Chicago, IL","Logo,Branding,Advertising,Market Research,Business Consulting,Web Design","20,45,15,10,5,5","''Their leadership, intelligence, and verve are unique.''",,https://clutch.co/profile/studio-17
Little Guy Branding,Logo Designers,A little Help Goes A Long Way.,5.0,3 REVIEWS,No,"$1,000+",$100 - $149 / hr,2 - 9,"Ralston, NE","Logo,Branding,Graphic Design,Search Engine Optimization,Video Production,Web Design,Web Development,Business Consulting,Content Marketing,E-Commerce Development,Public Relations,Social Media Marketing","10,15,10,10,10,10,10,5,5,5,5,5",“I've worked with a lot of different providers but now I won't use anybody other than Little Guy Design.”,,https://clutch.co/profile/little-guy-branding
Murmur Creative,Logo Designers,Branding with Heart,4.9,13 REVIEWS,No,"$25,000+",$150 - $199 / hr,10 - 49,"Portland, OR","Logo,Branding,Packaging Design,Web Design,Print Design,Web Development,Corporate Photography","10,25,20,20,10,10,5","""The whole operation just exuded professionalism, though everybody was extremely friendly.""",,https://clutch.co/profile/murmur-creative
Candybox Marketing,Logo Designers,Marketing Made Sweet,4.9,4 REVIEWS,No,"$1,000+",$100 - $149 / hr,10 - 49,"Mississauga, Canada","Logo,Pay Per Click,Social Media Marketing,Video Production,Web Design","20,20,20,20,20","""Their team is very professional and wants me to succeed.""",,https://clutch.co/profile/candybox-marketing
ano.digital - Product Design Agency,Logo Designers,Improving Businesses' Growth with UI/UX,5.0,1 REVIEW,No,"$10,000+",$50 - $99 / hr,10 - 49,"Tallinn, Estonia","Logo,UX/UI Design,Web Design,Digital Strategy,Graphic Design,Mobile App Development,Web Development","10,30,20,10,10,10,10","""The workflow established between our teams and ano.digital was nothing short of remarkable.""",,https://clutch.co/profile/anodigital-product-design-agency
Epic Sofia,Logo Designers,Epic Results,5.0,4 REVIEWS,No,"$1,000+",$25 - $49 / hr,2 - 9,"Sofia, Bulgaria","Logo,UX/UI Design,Web Design,Mobile & App Marketing,Social Media Marketing","30,30,20,10,10","""The first designs were very high quality — they showed that they understood us and our mission from the start.""",,https://clutch.co/profile/epic-sofia
Logo.com,Logo Designers,The first step to building a beautiful brand,5.0,1 REVIEW,No,"$1,000+",< $25 / hr,2 - 9,"Vancouver, Canada",Logo,100,"""I am very happy with the LOGO service, it is both personal and professional.""",,https://clutch.co/profile/logocom
iTechnolabs Inc,Logo Designers,Bring Your Innovative Idea into Reality,5.0,4 REVIEWS,No,"$1,000+",< $25 / hr,50 - 249,"Markham, Canada","Logo,Mobile App Development,AI Development,Web Development,E-Commerce Development,UX/UI Design","10,30,20,20,10,10","""The outcome has been fabulous.""",,https://clutch.co/profile/itechnolabs
OAX STUDIO,Logo Designers,WE ARE BRAND ARCHITECTS.,5.0,3 REVIEWS,No,"$10,000+",$100 - $149 / hr,2 - 9,"New York, NY","Logo,Branding,Graphic Design,Packaging Design,Product Design","20,20,20,20,20","""They make everything more simplistic and provide us with enough variety to understand what will and will not work out.""",,https://clutch.co/profile/oax-studio
Manifiesto,Logo Designers,We shape the invisible,5.0,9 REVIEWS,No,"$1,000+",$50 - $99 / hr,2 - 9,"Ciudad de México, Mexico","Logo,Branding,Packaging Design,Graphic Design,Web Design","20,40,25,10,5","""They've delivered everything on time and way above expectations.""",,https://clutch.co/profile/manifiesto-0
Pithy Studios,Logo Designers,Recognised by Clutch as a Top UK Logo Designer,5.0,16 REVIEWS,No,"$1,000+",$100 - $149 / hr,2 - 9,"London, United Kingdom","Logo,Branding,Graphic Design,Social Media Marketing","25,45,20,10","""Their execution was excellent.""",,https://clutch.co/profile/pithy-studios
YellowDog Denver,Logo Designers,Design | Print | Marketing,5.0,9 REVIEWS,No,Undisclosed,$100 - $149 / hr,10 - 49,"Denver, CO","Logo,Print Design,Graphic Design,Branding,Web Design","10,50,20,10,10","""They took projects seriously and provided lots of thoughtful insights.""",,https://clutch.co/profile/yellowdog-denver
Tielemans Design,Logo Designers,Logo and Branding Design,5.0,4 REVIEWS,No,"$5,000+",$100 - $149 / hr,2 - 9,"Henderson, NV","Logo,Graphic Design,Packaging Design","50,25,25","""Their confidence and professionalism were exceptional.""",,https://clutch.co/profile/tielemans-design
Hansen Belyea,Logo Designers,Brand / Video / Web,5.0,3 REVIEWS,No,"$10,000+",$150 - $199 / hr,2 - 9,"Seattle, WA","Logo,Branding,Web Design,Video Production","20,40,30,10","""Aside from the quality of their work, they're also extremely transparent and easy to work with.""",,https://clutch.co/profile/hansen-belyea
Rebell Studio,Logo Designers,"BRANDING, COMMUNICATION STRATEGY, PRODUCTION HOUSE",5.0,5 REVIEWS,No,"$1,000+",$50 - $99 / hr,10 - 49,"Poznań, Poland","Logo,Advertising,Branding,Corporate Photography,Graphic Design,Marketing Strategy,Packaging Design,Print Design,Video Production","10,20,10,10,10,10,10,10,10","""They were hardworking, responsive, available at all hours, energetic, agreeable, pleasant, diligent, and creative.""",,https://clutch.co/profile/rebell-studio
BSTRO,Logo Designers,Design For Engagement,4.9,5 REVIEWS,No,"$10,000+",$150 - $199 / hr,10 - 49,"San Francisco, CA","Logo,Branding,Digital Strategy,UX/UI Design,Web Development","20,20,20,20,20","""The BSTRO team members are thought leaders when it comes to digital marketing.""",,https://clutch.co/profile/bstro
Evergreen Design Studio,Logo Designers,I create kick-ass brands and websites,5.0,4 REVIEWS,No,"$1,000+",$150 - $199 / hr,2 - 9,"Denver, CO","Logo,Graphic Design,Event Marketing & Planning,Packaging Design,Print Design,Search Engine Optimization,Web Design","10,40,10,10,10,10,10","""We are impressed with their sense of design and marketing knowledge.""",,https://clutch.co/profile/evergreen-design-studio
Electric Brand Consultants,Logo Designers,Power of Ambition,5.0,5 REVIEWS,No,"$25,000+",$100 - $149 / hr,10 - 49,"Dubai, United Arab Emirates","Logo,Branding,Graphic Design,Web Design","10,40,30,20","""Electric Brand is one of the best agencies I’ve worked with. I’m looking forward to collaborating with them again.""",,https://clutch.co/profile/electric-brand-consultants
Cross Graphic Ideas,Logo Designers,Your Digital Design Support Partner,4.9,8 REVIEWS,No,"$1,000+",< $25 / hr,10 - 49,"JAIPUR, India","Logo,Web Design,Search Engine Optimization,Branding,Packaging Design,Social Media Marketing","25,25,20,15,10,5","""The designs from Crossgraphics have always been stellar.""",,https://clutch.co/profile/cross-graphic-ideas
"Iperdesign, Inc.",Logo Designers,Where Digital Meets Beautiful,4.9,17 REVIEWS,No,"$10,000+",$100 - $149 / hr,2 - 9,"Norristown, PA","Logo,Branding,UX/UI Design,Digital Strategy,Marketing Strategy,Web Design,Web Development","10,30,20,10,10,10,10","""Their communication was incredible, and the product they delivered exceeded my expectations.""",,https://clutch.co/profile/iperdesign
Unparallel Brand + Design,Logo Designers,"We build brands, businesses, and bottom-lines.",5.0,5 REVIEWS,No,"$5,000+",$100 - $149 / hr,2 - 9,"Toronto, Canada","Logo,Branding,Graphic Design,UX/UI Design,Web Design,Advertising,Mobile App Development,Web Development","20,25,15,15,10,5,5,5","''They provided invaluable, practical advice about how to achieve my vision.''",,https://clutch.co/profile/unparallel-brand-design
Cinnamon Toast,Logo Designers,Creative + Strategy,5.0,1 REVIEW,No,"$50,000+",$150 - $199 / hr,10 - 49,"Ottawa, Canada","Logo,Web Design,Branding,Advertising,Marketing Strategy,Digital Strategy,Media Planning & Buying,Search Engine Optimization,Social Media Marketing","10,30,20,10,10,5,5,5,5","""They do an excellent job of expanding beyond our immediate needs and understanding the situation.""",,https://clutch.co/profile/cinnamon-toast
Brand Institute,Logo Designers,Where Great Brands Begin! ®,5.0,3 REVIEWS,No,"$5,000+",Undisclosed,50 - 249,"Miami, FL","Logo,Branding,Market Research,Packaging Design,Web Design","10,70,10,5,5","“From their creatives to their regulatory experts, their team is very robust, helping clients through the process.”",,https://clutch.co/profile/brand-institute
Vedros Studio,Logo Designers,Brand Design and Research Studio,5.0,2 REVIEWS,No,"$10,000+",$150 - $199 / hr,2 - 9,"Los Angeles, CA","Logo,Branding,Packaging Design,Print Design,Web Design","20,30,20,20,10","""They were extremely good at managing communication and adhering to timelines as needed.""",,https://clutch.co/profile/vedros-studio
Toud,Logo Designers,We Help You Tell Your Story!,5.0,6 REVIEWS,No,"$10,000+",$50 - $99 / hr,2 - 9,"București, Romania","Logo,Branding,UX/UI Design","20,40,40","""Everything was very well done.""",,https://clutch.co/profile/toud
Design Shifu,Logo Designers,Unlimited Graphic Designs at a Monthly Flat Fee.,5.0,9 REVIEWS,No,"$1,000+",< $25 / hr,10 - 49,"Little Rock, AR","Logo,Graphic Design,Packaging Design,Print Design,Web Design","20,50,10,10,10","""Design Shifu greatly impacts the graphic design aspect of our business.""",,https://clutch.co/profile/design-shifu
UiSlick,Logo Designers,Web and Mobile App Development Company,5.0,19 REVIEWS,No,"$5,000+",$25 - $49 / hr,10 - 49,"Jaipur, India","Logo,Mobile App Development,UX/UI Design,Web Development","25,25,25,25","""Their UX/UI skills, as their company name suggests, were indeed slick and reflective of their talent.""",,https://clutch.co/profile/uislick
Herman-Scheer,Logo Designers,We bring smart consumer brands to market.,5.0,13 REVIEWS,No,"$25,000+",$150 - $199 / hr,2 - 9,"Los Angeles, CA","Logo,Branding,Packaging Design,UX/UI Design,Web Design","10,60,10,10,10","""These guys want you to be successful first - and have amazing work to be proud of in the process.""",,https://clutch.co/profile/herman-scheer
NUOVA Digital,Logo Designers,The Better Way to Grow Digital,5.0,8 REVIEWS,No,"$5,000+",$50 - $99 / hr,10 - 49,"San Francisco, CA","Logo,Web Design,Search Engine Optimization,Branding,Graphic Design","20,40,20,15,5","""The NUOVA Digital team is excellent at delivery.""",,https://clutch.co/profile/nuova-digital
Coe Design,Logo Designers,Branding and Packaging Solutions,5.0,1 REVIEW,No,"$5,000+",$100 - $149 / hr,2 - 9,"San Diego, CA","Logo,Advertising,Branding,Packaging Design,Product Design","20,20,20,20,20","""They chose really beautiful fonts and colors.""",,https://clutch.co/profile/coe-design
Avelts,Logo Designers,Website design & development,5.0,6 REVIEWS,No,"$1,000+",$25 - $49 / hr,10 - 49,"Sheridan, WY","Logo,E-Commerce Development,UX/UI Design,Web Design,Web Development","20,20,20,20,20",“Avelts was highly organized and did a stellar job at keeping track of the website’s different sections.”,,https://clutch.co/profile/avelts
LogoNow,Logo Designers,8+ Years in Businesss & Over 4000 Logos Designed,5.0,5 REVIEWS,No,Undisclosed,$25 - $49 / hr,2 - 9,"Erie, PA","Logo,Print Design,Graphic Design,Web Design","80,10,5,5",“Everything is just fine.”,,https://clutch.co/profile/logonow
FEELPIXEL,Logo Designers,UI/UX Design Studio,4.9,16 REVIEWS,No,"$10,000+",$25 - $49 / hr,10 - 49,"Pune, India","Logo,UX/UI Design,Branding,Web Design","10,70,10,10","“The team did a great job visualizing our goals, developing them into requirements, and executing them.",,https://clutch.co/profile/feelpixel
Greatives Web,Logo Designers,Web Design Agency,5.0,2 REVIEWS,No,"$5,000+",$100 - $149 / hr,2 - 9,"Psichiko, Greece","Logo,Web Development,Web Design","10,50,40","""Their technical and advisory skills are truly excellent.""",,https://clutch.co/profile/greatives-web
Justin Jenkins Designs,Logo Designers,Branding the World. One Client at a Time.™,5.0,7 REVIEWS,No,"$1,000+",$50 - $99 / hr,2 - 9,"New York, NY","Logo,Branding,Graphic Design,Web Design,Packaging Design","35,20,20,15,10","""I am very impressed with his creative thinking and the way he grasps the concepts that I was trying to convey.""",,https://clutch.co/profile/justin-jenkins-designs
the unicorn,Logo Designers,branding and animation storytellers,4.9,18 REVIEWS,No,"$5,000+",$100 - $149 / hr,10 - 49,"Kyiv, Ukraine","Logo,Video Production,Branding,Graphic Design,UX/UI Design,Packaging Design","10,35,25,15,10,5",''I can't think of anything they could do better.'',,https://clutch.co/profile/unicorn-0
Voice & Reason,Logo Designers,An agency built to unify the voice of your brand.,4.9,7 REVIEWS,No,"$10,000+",$100 - $149 / hr,2 - 9,"Folsom, CA","Logo,Web Design,Branding,Advertising,Event Marketing & Planning","10,35,25,20,10","""We're impressed with their extensive industry experience and knowledge.""",,https://clutch.co/profile/voice-reason
Hugs Branding,Logo Designers,Design agency on a subscription basis,4.8,3 REVIEWS,No,"$1,000+",$50 - $99 / hr,2 - 9,"Chişinău, Moldova","Logo,Branding,Graphic Design","45,45,10","""We had a lot of great feedback on the new branding, thanks to them.""",,https://clutch.co/profile/hugs-branding
Sphinxly,Logo Designers,"Web, funnel and digital marketing agency",5.0,5 REVIEWS,No,"$1,000+",$100 - $149 / hr,10 - 49,"Stockholm, Sweden","Logo,Web Design,Web Development,Digital Strategy,Video Production","10,30,30,20,10","""We experienced a priceless and generous delivery, which we greatly appreciated.""",,https://clutch.co/profile/sphinxly
Cretos,Logo Designers,Design agency that adds value to digital products,4.9,7 REVIEWS,No,"$5,000+",$25 - $49 / hr,10 - 49,"Yerevan, Armenia","Logo,UX/UI Design,Product Design,Web Design,Graphic Design","10,30,25,25,10","""They created magic in terms of design, which was exciting.""",,https://clutch.co/profile/cretos-0
Limbus Studio,Logo Designers,Graphic and digital design studio,5.0,1 REVIEW,No,"$5,000+",$100 - $149 / hr,2 - 9,"Paris, France","Logo,Graphic Design,Web Design,E-Commerce Development,Print Design,UX/UI Design,Packaging Design,Web Development","20,20,20,10,10,10,5,5","""Their mastery of most subjects and artistic talent are impressive.""",,https://clutch.co/profile/limbus-studio
modern8,Logo Designers,Brand by Design,5.0,13 REVIEWS,No,"$50,000+",$150 - $199 / hr,10 - 49,"Salt Lake City, UT","Logo,Branding,Packaging Design,Social Media Marketing,Web Design","15,60,15,5,5",“What stood out to me about modern8 was the collaborative and comprehensive nature of their brand development process.”,,https://clutch.co/profile/modern8
Pivot Design,Logo Designers,Let’s make your branding and marketing amazing.,5.0,2 REVIEWS,No,"$10,000+",$150 - $199 / hr,10 - 49,"Chicago, IL","Logo,Branding,Graphic Design,Advertising,Print Design,Marketing Strategy,Video Production","15,40,15,10,10,5,5","""Pivot is a rare breed — a turnkey business that can do anything.""",,https://clutch.co/profile/pivot-design
Hello Amigo,Logo Designers,Every Conversation Starts with Hello,5.0,4 REVIEWS,No,"$10,000+",$100 - $149 / hr,10 - 49,"El Paso, TX","Logo,Web Design,Web Development,Content Marketing,Digital Strategy,Market Research,Media Planning & Buying","20,20,20,10,10,10,10",“Their real strength is the creativity of their team and the quality of their designs.”,,https://clutch.co/profile/hello-amigo
Bartlett Brands,Logo Designers,Award-Winning Boutique Branding Agency,5.0,4 REVIEWS,No,"$10,000+",Undisclosed,2 - 9,"San Francisco, CA","Logo,Branding,Marketing Strategy,Packaging Design,Web Design","10,50,20,10,10","""Our team and our customers could not be happier with our image and identity.""",,https://clutch.co/profile/bartlett-brands
Sparks Studio,Logo Designers,Express your relevance,5.0,1 REVIEW,No,"$10,000+",$100 - $149 / hr,2 - 9,"London, United Kingdom","Logo,Branding,Web Design,Graphic Design,Print Design","10,50,20,10,10","""Sparks Studio has delivered distinctive design for us over many years with a generous attitude.""",,https://clutch.co/profile/sparks-studio
Noble Intent Studio,Logo Designers,"Design Solutions for Web, Branding and Marketing",5.0,5 REVIEWS,No,"$5,000+",$100 - $149 / hr,2 - 9,"San Diego, CA","Logo,Branding,Web Design,Web Development,Email Marketing,Graphic Design,Marketing Strategy,Print Design","15,20,20,20,10,5,5,5",“Noble Intent Studio goes above and beyond to understand and learn about our products.”,,https://clutch.co/profile/noble-intent-studio
Lift Graphic Design Studio,Logo Designers,a design and branding company,5.0,8 REVIEWS,No,"$10,000+",$100 - $149 / hr,2 - 9,"San Diego, CA","Logo,Branding,Packaging Design,Graphic Design","10,60,20,10","""Lift was flexible enough to meet our changing needs and deadline.""",,https://clutch.co/profile/lift-graphic-design-studio
Phases Design Studio,Logo Designers,"No-Nonsense Branding, Design, and Websites",5.0,4 REVIEWS,No,"$1,000+",$100 - $149 / hr,2 - 9,"Denver, CO","Logo,Branding,Web Design,Web Development,E-Commerce Development,Print Design,Packaging Design","10,25,25,15,10,10,5","""She's incredibly easy to work and communicate with, so don't hold back.""",,https://clutch.co/profile/phases-design-studio
Shanty Town Design,Logo Designers,Your design and marketing department,5.0,6 REVIEWS,No,"$5,000+",$100 - $149 / hr,10 - 49,"Denver, CO","Logo,Branding,Marketing Strategy,Search Engine Optimization,Social Media Marketing,Web Design,Web Development,Content Marketing,Digital Strategy,E-Commerce Development,Graphic Design,Print Design,UX/UI Design","10,10,10,10,10,10,10,5,5,5,5,5,5","""Their creative design ideas and delivery are second to none.""",,https://clutch.co/profile/shanty-town-design
Condensed,Logo Designers,We Build Timeless Brands,5.0,11 REVIEWS,No,"$25,000+",$100 - $149 / hr,2 - 9,"Brooklyn , NY","Logo,Branding,Graphic Design,Web Design,Packaging Design,Web Development,Other","12,55,8,8,5,5,7","""Condensed responds and adapts positively to ongoing needs that often change very quickly.""",,https://clutch.co/profile/condensed
AYLAB,Logo Designers,Branding that converts.,4.7,3 REVIEWS,No,"$10,000+",$100 - $149 / hr,2 - 9,"Hamburg, Germany","Logo,Branding,Web Design,Digital Strategy","20,30,30,20",“We never had issues regarding communication or deadlines.”,,https://clutch.co/profile/aylab
First Launch,Logo Designers,Full Service Digital Marketing Agency in Bangalore,5.0,1 REVIEW,No,"$5,000+",$25 - $49 / hr,10 - 49,"Bengaluru, India","Logo,Pay Per Click,Search Engine Optimization,Social Media Marketing,Web Development","20,30,20,20,10","""They’re a sincere and young team that is committed to their work.""",,https://clutch.co/profile/first-launch
Brom Studio,Logo Designers,Where brands are nurtured,5.0,10 REVIEWS,No,"$10,000+",$25 - $49 / hr,10 - 49,"Novi Sad, Serbia","Logo,UX/UI Design,Mobile App Development,Web Development,Graphic Design,Web Design,Print Design","10,30,20,15,10,10,5","""They took the time to learn more about the company and the product.""",,https://clutch.co/profile/brom-studio
Hersick + Webster Creative Partners,Logo Designers,Place Branding | Strategic Planning | Comms,5.0,13 REVIEWS,No,"$10,000+",$150 - $199 / hr,2 - 9,"Martinsburg, WV","Logo,Branding,Marketing Strategy,Advertising,Business Consulting,Web Design","10,35,25,10,10,10",''They were very responsive to our needs.'',,https://clutch.co/profile/hersick-webster-creative-partners
Ozan Karakoc Design Studio,Logo Designers,Your Design Partner,5.0,1 REVIEW,No,"$1,000+",Undisclosed,2 - 9,"Los Angeles, CA","Logo,Branding,Graphic Design,Print Design,UX/UI Design,Packaging Design,Web Design","20,20,15,15,15,10,5","""They’re very responsive, on top of details, and set aggressive timelines which they meet.""",,https://clutch.co/profile/ozan-karakoc-design-studio
Vortic Designs,Logo Designers,Everything Design,5.0,1 REVIEW,No,"$1,000+",$50 - $99 / hr,10 - 49,"Kochi, India","Logo,Corporate Photography,Graphic Design,Social Media Marketing,Content Marketing,Digital Strategy,Packaging Design,Product Design,Video Production","25,15,15,15,10,5,5,5,5","If put simply, we create stuff. This stuff spans the entirety of creation. And we're good at it. Test us. To answer elaborately, We answer the call of that extra something you've been craving. We…",,https://clutch.co/profile/vortic-designs
Unpack'd,Logo Designers,We create excitement!,5.0,5 REVIEWS,No,Undisclosed,Undisclosed,2 - 9,"Austin, TX","Logo,Packaging Design,Branding,Marketing Strategy","10,50,20,20","""They were exceptional artists and visionaries.""",,https://clutch.co/profile/unpackd
Ilani Concepts,Logo Designers,Web Design. Branding. Mobile Development.,5.0,18 REVIEWS,No,"$1,000+",< $25 / hr,2 - 9,"Nairobi City, Kenya","Logo,E-Commerce Development,Web Development,Web Design,Mobile App Development","15,25,25,20,15","“If you want to attain your objectives, they are the people to work with.”",,https://clutch.co/profile/ilani-concepts
Devolfs,Logo Designers,Design-driven Webflow solutions,5.0,4 REVIEWS,No,"$5,000+",$25 - $49 / hr,2 - 9,"Mostar, Bosnia and Herzegovina","Logo,UX/UI Design,Web Design,Web Development,Branding","10,25,25,25,15","“They’re a great partner for design projects, especially for marketing and online platforms.”",,https://clutch.co/profile/devolfs
McEisen,Logo Designers,Imagine,5.0,1 REVIEW,No,Undisclosed,< $25 / hr,2 - 9,"Lambaré, Paraguay","Logo,Branding","50,50","""They are very organized and have an easy to follow branding process.""",,https://clutch.co/profile/mceisen
Aronson Hecht Agency,Logo Designers,A Brand is the promise of an experience.,5.0,2 REVIEWS,No,"$1,000+",$150 - $199 / hr,2 - 9,"Wayne, NJ","Logo,Web Design,E-Commerce Development,Graphic Design,Pay Per Click,Print Design,Search Engine Optimization,Social Media Marketing,Packaging Design,Video Production,Web Development","10,15,10,10,10,10,10,10,5,5,5","""Aronson Hecht’s efforts have been exceedingly successful.""",,https://clutch.co/profile/aronson-hecht-agency-0
MK+2 | The Branding Membership,Logo Designers,The Branding Membership®,5.0,2 REVIEWS,No,"$5,000+",Undisclosed,2 - 9,"Chicago, IL","Logo,Branding,E-Commerce Development,Graphic Design,Web Design,Web Development","11,35,20,20,7,7","""We were impressed by their speed and determination to find the perfect identity for our company.""",,https://clutch.co/profile/mk2-branding-membership
xVS Creations,Logo Designers,"Be Creative, Stay Ahead.",4.9,14 REVIEWS,No,"$1,000+",$25 - $49 / hr,10 - 49,"Lucknow, India","Logo,Graphic Design,Video Production,Branding,Web Design","15,30,30,15,10","""They are proactive and deliver projects on time.""",,https://clutch.co/profile/xvs-creations
Hennessey Digital,Logo Designers,The Digital Marketers You Wish You'd Hired First,4.7,8 REVIEWS,No,"$5,000+",Undisclosed,50 - 249,"Los Angeles, CA","Logo,Search Engine Optimization,Pay Per Click,Content Marketing,Web Design,Conversion Optimization,UX/UI Design","10,40,20,10,10,5,5","""Their project management and SEO optimization were impressive.""",,https://clutch.co/profile/hennessey-digital
TOBTO,Logo Designers,"Branding Designer, Coder & Optimizer",5.0,3 REVIEWS,No,"$1,000+",< $25 / hr,Freelancer,"Kyiv, Ukraine","Logo,Graphic Design,Search Engine Optimization","40,40,20","""We had a great experience and have no complaints.""",,https://clutch.co/profile/tobto
TheRoom,Logo Designers,UI/UX design boutuique,4.9,18 REVIEWS,No,"$1,000+",$50 - $99 / hr,10 - 49,"Kharkiv, Ukraine","Logo,Product Design,UX/UI Design,Web Design,Graphic Design","10,30,30,20,10","""What impressed me the most was their ability to seamlessly combine aesthetics with functionality.""",,https://clutch.co/profile/theroom
Your Majesty Co.,Logo Designers,Unite the Curious to Shape the Future of Work,4.8,4 REVIEWS,No,"$25,000+",$100 - $149 / hr,10 - 49,"Amsterdam, Netherlands","Logo,UX/UI Design,Branding,Digital Strategy,E-Commerce Development,Mobile App Development,Web Design,Web Development,AI Development,AR/VR Development,IoT Development","10,15,10,10,10,10,10,10,5,5,5","“Their strategic creativity is very good, and their solutions are often better than ours.”",,https://clutch.co/profile/your-majesty-co
Xplode Marketing,Logo Designers,Everything Web Experts.,5.0,5 REVIEWS,No,"$10,000+",$100 - $149 / hr,2 - 9,"Sarasota, FL","Logo,Web Design,Web Development,Branding,Digital Strategy,Mobile App Development,Search Engine Optimization,Social Media Marketing","10,20,20,10,10,10,10,10","""Xplode Marketing was good at delivering the various sections of the website on time.""",,https://clutch.co/profile/xplode-marketing
GH Branding,Logo Designers,Startup Branding | Growth Marketing,5.0,1 REVIEW,No,"$5,000+",$100 - $149 / hr,50 - 249,"San Francisco, CA","Logo,Branding,Search Engine Optimization,Digital Strategy","10,40,40,10",“They are the best branding agency by far.”,,https://clutch.co/profile/gh-branding
blurple studio,Logo Designers,Strategic Digital Experience Studio,5.0,10 REVIEWS,No,"$5,000+",$50 - $99 / hr,10 - 49,"Istanbul, Türkiye","Logo,UX/UI Design,Market Research,Product Design","10,65,15,10","""Best of all, they listened and understood our needs and pains and quickly took action.""",,https://clutch.co/profile/blurple-studio
Studio Sanderson,Logo Designers,Studio Sanderson designs brands for the modern age,5.0,3 REVIEWS,No,Undisclosed,Undisclosed,2 - 9,"New York, NY","Logo,Branding,Web Design,Digital Strategy,Marketing Strategy,Web Development,Print Design,Search Engine Optimization,UX/UI Design","10,25,20,10,10,10,5,5,5","""They’re incredibly thorough. You give them a task and it’s not just done.""",,https://clutch.co/profile/studio-sanderson
The Triump,Logo Designers,brand strategy design consultancy,5.0,2 REVIEWS,No,"$5,000+",$150 - $199 / hr,10 - 49,"Islamabad, Pakistan","Logo,Branding,Search Engine Optimization,Web Design,Web Development","15,40,15,15,15","""This is the first time I've worked with a company that delivers on time.""",,https://clutch.co/profile/triump
Designs 365,Logo Designers,Solutions from all angles,4.7,11 REVIEWS,No,"$1,000+",$25 - $49 / hr,10 - 49,"Houston, TX","Logo,Web Design,Web Development,Branding,Content Marketing,Search Engine Optimization,Social Media Marketing","20,30,30,5,5,5,5",“They never took long to deliver and were always nice and friendly.”,,https://clutch.co/profile/designs-365
Art4web,Logo Designers,Creative Digital & Branding Studio,5.0,2 REVIEWS,No,"$10,000+",$50 - $99 / hr,2 - 9,"Bojnice, Slovakia","Logo,UX/UI Design,Web Design,Web Development,Branding","10,30,30,20,10","""Our website is converting at an above-average rate and the feedback on our packaging has been amazing.""",,https://clutch.co/profile/art4web
Razorfrog Web Design,Logo Designers,"We craft beautiful, functional WordPress websites.",5.0,13 REVIEWS,No,"$5,000+",$150 - $199 / hr,2 - 9,"San Francisco, CA","Logo,Web Design,Search Engine Optimization,Graphic Design,Print Design","20,45,15,10,10","""They are super fast and responsive with great customer service!""",,https://clutch.co/profile/razorfrog-web-design
LoopyLinks,Logo Designers,A Corporate Branding Studio that ignites business!,5.0,5 REVIEWS,No,"$5,000+",$50 - $99 / hr,10 - 49,"Ahmedabad, India","Logo,Advertising,Branding,Graphic Design","25,25,25,25","""She acknowledged requests almost immediately, communicated timelines clearly, and was very responsive to feedback.""",,https://clutch.co/profile/loopylinks
IT Enablers Global,Logo Designers,Software company,4.8,3 REVIEWS,No,"$1,000+",$25 - $49 / hr,10 - 49,"Wilmington, DE","Logo,Web Design,Web Development,Graphic Design,Other Digital Marketing","20,25,25,20,10",We offer a perfect blend of design with great user experience and functionality in all our services. We build state-of-the-art designs that are simple yet effective for any size of business. At IT…,,https://clutch.co/profile/it-enablers-global
Velove Branding House,Logo Designers,We create brands that drive growth,4.9,6 REVIEWS,No,"$5,000+",$25 - $49 / hr,2 - 9,"Cali, Colombia","Logo,Branding,Graphic Design","30,60,10",“We trusted their criteria to find areas of opportunity in every project.”,,https://clutch.co/profile/velove-branding-house
hauerpower,Logo Designers,UX/UI Design / Seo / Development / Wordpress,4.9,10 REVIEWS,No,"$1,000+",$25 - $49 / hr,2 - 9,"Kraków, Poland","Logo,UX/UI Design,Web Design,Web Development,Print Design,Architectural Design,Graphic Design","20,20,20,20,10,5,5","""They provide knowledge in an accessible way so all processes are understandable to the employer.""",,https://clutch.co/profile/hauerpower
Bartlett Interactive,Logo Designers,Grow Online,5.0,4 REVIEWS,No,"$5,000+",$100 - $149 / hr,2 - 9,"Concord, MA","Logo,Web Development,UX/UI Design,Pay Per Click,Search Engine Optimization,Corporate Photography,E-Commerce Development,Email Marketing,Print Design,Social Media Marketing","10,25,20,10,10,5,5,5,5,5","""They listened well and added value efficiently.""",,https://clutch.co/profile/bartlett-interactive
Wide Eye,Logo Designers,Make Something Meaningful,5.0,4 REVIEWS,No,"$10,000+",$150 - $199 / hr,10 - 49,"Washington, DC","Logo,Branding,UX/UI Design,Web Design,Digital Strategy,Graphic Design,Web Development,CRM Consulting and SI","15,20,15,15,10,10,10,5","""Wide Eye was a truly excellent partner to work with.""",,https://clutch.co/profile/wide-eye
Infinia Group,Logo Designers,We help brands break barriers,5.0,6 REVIEWS,No,"$5,000+",Undisclosed,10 - 49,"New York, NY","Logo,Branding,Graphic Design,Marketing Strategy,UX/UI Design,Web Design","10,50,10,10,10,10",“They really understood the exploratory nature of the project and over-delivered in a relatively short time.”,,https://clutch.co/profile/infinia-group
Brandifi,Logo Designers,"Get Brandified, with Brandifi",5.0,5 REVIEWS,No,"$10,000+",$150 - $199 / hr,10 - 49,"Atlanta, GA","Logo,Web Design,Packaging Design,Branding,Graphic Design","35,25,20,10,10","""Their design skill impresses me. Nicole has unique concepts for each of her clients. They always blow me away.""",,https://clutch.co/profile/brandifi
UNIT partners LLC,Logo Designers,"Branding Agency for Hospitality, Retail, & CPG.",5.0,8 REVIEWS,No,"$10,000+",$150 - $199 / hr,2 - 9,"San Francisco, CA","Logo,Branding,Advertising,Marketing Strategy,Print Design,Web Design","10,50,10,10,10,10","""They always provided excellent, thorough and timely communication on all project details.""",,https://clutch.co/profile/unit-partners
Jootoor Designs,Logo Designers,We design your imagination,4.8,9 REVIEWS,No,"$1,000+",$25 - $49 / hr,2 - 9,"Bengaluru, India","Logo,Search Engine Optimization,Content Marketing,Social Media Marketing","40,40,10,10","""They like to work hard and this tendency has impressed us.""",,https://clutch.co/profile/jootoor-designs
Seventh Ave,Logo Designers,Branding for impact-makers forging a better world,5.0,6 REVIEWS,No,"$10,000+",$100 - $149 / hr,2 - 9,"Wilmington, NC","Logo,Branding,Graphic Design,Digital Strategy,Market Research,Print Design","15,40,15,10,10,10","""We were led through an in-depth process that helped us define our tone of voice that impacts all our messaging.""",,https://clutch.co/profile/seventh-ave
Opus Design,Logo Designers,"Web Design, Graphic designer",5.0,2 REVIEWS,No,"$5,000+",$100 - $149 / hr,10 - 49,"Boston, MA","Logo,Web Design,Branding,Graphic Design,Print Design,Web Development,Email Marketing","10,25,15,15,15,15,5","""The team always manages to elicit a delighted ""Oh wow!"" response from us...""",,https://clutch.co/profile/opus-design
